Fecha,SupraCanal,Inversion_Fee,Leads Brutos
1 jul 2026,SEM_Generico,7137,122
4 nov 2026,Paid_Social,6659.1,153
28 jul 2026,Paid_Social,6575,347
8 ene 2026,SEM_Marca_Pura,6569.9,408
7 ene 2026,SEM_Marca_Pura,6549.6,434
12 ene 2026,SEM_Marca_Pura,6413.1,449
21 jul 2026,Paid_Social,6363,406
13 ene 2026,SEM_Marca_Pura,6280.9,408
15 ene 2026,SEM_Marca_Pura,6271.9,453
14 ene 2026,SEM_Marca_Pura,6178.7,424
1 jul 2026,Paid_Social,6054.2,182
20 ene 2026,SEM_Marca_Pura,5956.4,448
27 ago 2026,Paid_Social,5945.1,304
2 jul 2026,Paid_Social,5847.1,186
19 ene 2026,SEM_Marca_Pura,5801.2,431
3 jul 2026,Paid_Social,5786.4,182
24 jul 2026,Pmax,5751.3,105
21 ene 2026,SEM_Marca_Pura,5747.9,383
17 nov 2026,SEM_Generico,5693.2,92
27 ago 2026,Pmax,5664.7,140
25 ago 2026,Paid_Social,5636.1,242
26 ene 2026,SEM_Marca_Pura,5591.8,442
9 ene 2026,SEM_Marca_Pura,5591.7,359
18 jul 2026,Paid_Social,5577.1,432
1 dic 2026,SEM_Marca_Pura,5573.6,445
22 jul 2026,Paid_Social,5536.2,295
28 ago 2026,Paid_Social,5483.9,257
19 ene 2026,Pmax,5481.9,154
26 jul 2026,SEM_Marca_Derivada,5436.5,1389
4 ago 2026,SEM_Generico,5414.9,143
3 nov 2026,SEM_Marca_Pura,5384.1,424
26 ago 2026,Paid_Social,5376.9,285
22 ene 2026,SEM_Marca_Pura,5371.2,357
9 jul 2026,SEM_Marca_Pura,5321.7,285
25 jul 2026,Paid_Social,5314,289
7 jul 2026,SEM_Marca_Pura,5302.3,334
17 jul 2026,Paid_Social,5287.7,299
8 jul 2026,SEM_Marca_Pura,5273.5,291
21 jul 2026,Pmax,5268.9,126
28 ago 2026,Pmax,5250.7,118
30 jul 2026,Pmax,5246.2,123
20 nov 2026,SEM_Generico,5228.2,85
27 ene 2026,SEM_Marca_Pura,5223.6,393
6 ago 2026,SEM_Generico,5194.4,101
24 jul 2026,Paid_Social,5191.3,270
21 ago 2026,Paid_Social,5184.7,194
4 jul 2026,Paid_Social,5179.7,187
17 nov 2026,Pmax,5167.1,291
23 jul 2026,Paid_Social,5159.6,229
4 sept 2026,Pmax,5147.2,103
4 nov 2026,SEM_Marca_Pura,5112.7,421
6 ago 2026,Pmax,5105.8,169
29 ene 2026,SEM_Marca_Pura,5081.8,366
10 nov 2026,SEM_Marca_Pura,5066,389
9 dic 2026,SEM_Marca_Pura,5063.6,439
28 ene 2026,SEM_Marca_Pura,5061.6,435
31 jul 2026,SEM_Marca_Pura,5046.7,348
1 jul 2026,SEM_Marca_Pura,5043.4,225
19 ago 2026,SEM_Generico,5025.3,95
29 jul 2026,SEM_Generico,5024.9,115
20 ago 2026,Paid_Social,5019.4,235
24 nov 2026,SEM_Marca_Pura,5007,427
16 ene 2026,SEM_Marca_Pura,5004.4,388
4 nov 2026,Pmax,5000.7,162
18 nov 2026,SEM_Generico,4998.5,81
5 nov 2026,Paid_Social,4997.2,146
2 dic 2026,SEM_Marca_Pura,4969.9,377
1 sept 2026,SEM_Marca_Pura,4942.6,348
4 ago 2026,SEM_Marca_Pura,4937.3,381
18 nov 2026,Pmax,4937.3,277
3 dic 2026,SEM_Marca_Pura,4935.1,362
22 ago 2026,Paid_Social,4934.5,212
19 nov 2026,SEM_Generico,4929.6,83
10 jul 2026,SEM_Marca_Pura,4928.2,292
5 nov 2026,SEM_Marca_Pura,4889,369
13 jul 2026,Pmax,4887.1,88
20 nov 2026,Pmax,4865.8,274
21 jul 2026,SEM_Generico,4857.9,117
16 nov 2026,Pmax,4852.2,326
6 nov 2026,SEM_Marca_Pura,4840.2,369
2 jul 2026,SEM_Marca_Pura,4824.1,294
11 nov 2026,SEM_Marca_Pura,4811.1,381
15 dic 2026,SEM_Marca_Pura,4806.3,393
5 ene 2026,SEM_Marca_Pura,4805.3,368
18 ago 2026,SEM_Generico,4797.7,107
25 ago 2026,Pmax,4794.5,124
5 ago 2026,Pmax,4792.2,132
26 ene 2026,Pmax,4771.1,109
31 jul 2026,SEM_Generico,4770.7,96
30 jul 2026,SEM_Generico,4763.8,89
20 ago 2026,SEM_Generico,4734,86
29 dic 2026,Pmax,4727.4,141
17 nov 2026,SEM_Marca_Pura,4724.9,413
12 nov 2026,Pmax,4724.8,201
11 sept 2026,Paid_Social,4721.2,202
28 oct 2026,Paid_Social,4718.8,150
19 ago 2026,Paid_Social,4699.2,224
23 ene 2026,SEM_Marca_Pura,4694.8,350
14 jul 2026,SEM_Marca_Pura,4689.4,298
6 ago 2026,SEM_Marca_Pura,4687.1,312
12 ago 2026,Pmax,4681.4,141
26 ago 2026,Pmax,4672.7,125
4 dic 2026,SEM_Marca_Pura,4659.9,355
15 jul 2026,SEM_Marca_Pura,4655.9,304
2 sept 2026,SEM_Marca_Pura,4655.3,297
3 jul 2026,SEM_Marca_Pura,4655.1,286
16 jul 2026,Paid_Social,4637.4,250
25 jul 2026,Pmax,4633.7,127
10 dic 2026,SEM_Marca_Pura,4631,372
2 ene 2026,SEM_Marca_Pura,4599.8,303
16 jul 2026,SEM_Generico,4599,97
14 jul 2026,SEM_Generico,4594.1,104
18 dic 2026,Pmax,4590.3,106
6 nov 2026,Paid_Social,4587,140
4 sept 2026,SEM_Marca_Pura,4580.9,276
26 jul 2026,SEM_Marca_Pura,4573.8,820
25 nov 2026,SEM_Marca_Pura,4571.8,367
12 nov 2026,SEM_Marca_Pura,4545.1,390
30 jul 2026,SEM_Marca_Pura,4542.1,292
19 nov 2026,Pmax,4526.5,253
18 ago 2026,Paid_Social,4522.2,226
8 sept 2026,SEM_Generico,4514.5,87
22 jul 2026,SEM_Generico,4506.8,113
5 ago 2026,SEM_Generico,4503.7,105
10 jul 2026,SEM_Generico,4503.4,77
8 sept 2026,SEM_Marca_Pura,4491.3,319
28 jul 2026,SEM_Marca_Pura,4490.4,362
15 jul 2026,SEM_Generico,4480.2,102
29 jul 2026,Terceros,4476.2,265
9 sept 2026,SEM_Generico,4465.2,81
15 sept 2026,SEM_Marca_Pura,4462,351
28 jul 2026,Terceros,4461.4,262
1 ago 2026,SEM_Marca_Pura,4416.8,323
28 jul 2026,Pmax,4412.4,120
7 oct 2026,SEM_Marca_Pura,4409.5,475
5 ago 2026,SEM_Marca_Pura,4402.6,324
20 jul 2026,SEM_Generico,4397,45
12 ene 2026,Paid_Social,4394.6,80
23 jul 2026,SEM_Marca_Pura,4388.1,284
7 nov 2026,Paid_Social,4380.7,128
11 dic 2026,SEM_Marca_Pura,4379.6,359
1 sept 2026,Pmax,4368,126
12 jul 2026,SEM_Generico,4365.9,42
28 jul 2026,SEM_Generico,4340,101
18 jul 2026,Pmax,4338.8,112
19 nov 2026,SEM_Marca_Pura,4335.7,345
13 nov 2026,Pmax,4328.7,265
17 jul 2026,SEM_Generico,4327.2,92
31 oct 2026,SEM_Marca_Pura,4324.8,362
7 ago 2026,SEM_Generico,4320.6,118
9 sept 2026,Pmax,4316.1,125
18 ago 2026,Terceros,4313.6,301
10 sept 2026,Paid_Social,4308.9,119
22 jul 2026,SEM_Marca_Pura,4307.3,264
16 dic 2026,SEM_Marca_Pura,4304.4,337
27 ago 2026,SEM_Marca_Pura,4301.7,265
1 ago 2026,SEM_Generico,4300,102
8 sept 2026,Pmax,4294.4,107
21 jul 2026,SEM_Marca_Pura,4292.7,283
24 jul 2026,SEM_Marca_Pura,4291.8,257
13 ago 2026,Paid_Social,4291.2,219
2 jul 2026,SEM_Generico,4287.7,98
26 nov 2026,SEM_Marca_Pura,4282,360
21 ago 2026,SEM_Generico,4280.3,66
7 nov 2026,SEM_Marca_Pura,4267.8,318
26 ago 2026,SEM_Generico,4253.3,69
9 sept 2026,SEM_Marca_Pura,4251.7,329
18 nov 2026,SEM_Marca_Pura,4246.6,336
21 jul 2026,SEM_Marca_Derivada,4222.6,245
11 ago 2026,SEM_Marca_Pura,4215.2,318
15 ene 2026,Pmax,4215,120
26 nov 2026,Pmax,4210,144
17 sept 2026,Pmax,4199.2,126
30 ene 2026,SEM_Marca_Pura,4196.1,347
16 jul 2026,SEM_Marca_Pura,4183.1,275
14 ago 2026,Terceros,4175.7,237
28 ago 2026,SEM_Marca_Pura,4171.9,289
6 oct 2026,SEM_Marca_Pura,4169.5,471
23 jul 2026,Terceros,4162.7,244
22 ago 2026,Pmax,4158,95
1 sept 2026,Paid_Social,4155.8,169
8 sept 2026,Paid_Social,4153.5,149
2 sept 2026,Pmax,4148.7,104
26 dic 2026,Paid_Social,4145.9,77
2 sept 2026,Paid_Social,4144.8,137
19 jul 2026,SEM_Generico,4141.4,59
8 ene 2026,Pmax,4137,111
30 oct 2026,Paid_Social,4136.9,110
29 dic 2026,SEM_Marca_Pura,4134.4,358
4 sept 2026,Paid_Social,4129.8,185
10 sept 2026,Pmax,4125.4,81
23 jul 2026,SEM_Marca_Derivada,4113.1,245
9 ene 2026,Pmax,4112.9,131
13 ago 2026,Pmax,4107.4,156
14 ene 2026,Pmax,4106.3,111
15 nov 2026,Pmax,4106.1,212
11 sept 2026,Pmax,4104.9,91
7 jul 2026,SEM_Generico,4104.2,101
13 nov 2026,SEM_Marca_Pura,4083.2,337
3 sept 2026,Paid_Social,4082.5,176
13 ago 2026,SEM_Marca_Pura,4066.2,293
7 ago 2026,Pmax,4065.8,127
23 jul 2026,SEM_Generico,4061.6,97
27 nov 2026,SEM_Marca_Pura,4061,312
6 nov 2026,Pmax,4048.9,166
18 dic 2026,SEM_Marca_Pura,4047.7,295
3 sept 2026,SEM_Marca_Pura,4045.5,308
13 ene 2026,Pmax,4044.7,92
25 ago 2026,SEM_Marca_Pura,4038.6,253
7 ago 2026,SEM_Marca_Pura,4034.8,246
15 sept 2026,Paid_Social,4029.5,190
8 jul 2026,SEM_Generico,4027.5,101
21 nov 2026,Pmax,4027.1,246
4 jul 2026,SEM_Marca_Pura,4009.3,231
23 jul 2026,Pmax,4005.9,86
21 ene 2026,Pmax,4002.8,105
30 sept 2026,SEM_Marca_Pura,3998.9,309
22 jul 2026,Terceros,3997.7,193
29 ene 2026,Pmax,3997.7,97
27 ago 2026,SEM_Generico,3993.2,77
17 dic 2026,SEM_Marca_Pura,3992.6,337
12 dic 2026,SEM_Marca_Pura,3977.7,308
5 jul 2026,Pmax,3971.8,87
5 dic 2026,SEM_Marca_Pura,3965.1,316
11 jul 2026,SEM_Generico,3960.4,77
16 sept 2026,SEM_Marca_Pura,3960.2,271
14 oct 2026,SEM_Marca_Pura,3958.5,286
12 ago 2026,Paid_Social,3952.9,222
1 sept 2026,SEM_Generico,3948.1,72
20 nov 2026,SEM_Marca_Pura,3947.8,301
8 oct 2026,SEM_Marca_Pura,3940.9,413
29 oct 2026,Paid_Social,3940,115
9 sept 2026,Paid_Social,3937,160
13 oct 2026,SEM_Marca_Pura,3928.3,271
27 ago 2026,Terceros,3925.1,263
18 jul 2026,SEM_Marca_Pura,3922.3,222
10 sept 2026,SEM_Generico,3917.2,70
9 oct 2026,SEM_Marca_Pura,3913.9,458
12 ago 2026,SEM_Marca_Pura,3910,262
22 ene 2026,Pmax,3900.6,124
30 dic 2026,Pmax,3899.3,114
31 jul 2026,Pmax,3897.3,126
22 sept 2026,SEM_Marca_Pura,3896.3,354
29 jul 2026,SEM_Marca_Pura,3895.7,284
11 jul 2026,Pmax,3895.4,81
13 oct 2026,Paid_Social,3890.3,106
11 ago 2026,Pmax,3888.1,104
10 sept 2026,SEM_Marca_Pura,3887.5,284
13 ene 2026,Paid_Social,3884,63
29 jul 2026,Paid_Social,3883.7,263
7 nov 2026,Pmax,3876.1,201
12 ene 2026,Pmax,3861.2,107
3 jul 2026,SEM_Generico,3858.4,73
4 dic 2026,Pmax,3852.6,80
4 ago 2026,Terceros,3850.1,396
30 oct 2026,SEM_Marca_Pura,3850.1,349
28 ene 2026,Pmax,3846.5,130
11 sept 2026,SEM_Marca_Pura,3844.7,292
11 nov 2026,Pmax,3844,182
31 jul 2026,Terceros,3840.3,190
11 jul 2026,SEM_Marca_Pura,3838.2,228
11 nov 2026,Paid_Social,3830.7,121
10 oct 2026,Paid_Social,3830.2,146
18 nov 2026,Paid_Social,3827.9,141
12 dic 2026,Pmax,3813.3,94
26 ago 2026,SEM_Marca_Pura,3812.6,232
7 oct 2026,SEM_Generico,3811.2,99
18 jul 2026,Terceros,3806.8,253
8 oct 2026,Paid_Social,3796.3,124
22 dic 2026,SEM_Marca_Pura,3795.3,336
1 ago 2026,Pmax,3793.4,105
29 ago 2026,Pmax,3782.1,86
20 ene 2026,Paid_Social,3779.6,86
17 jul 2026,SEM_Marca_Pura,3779.1,289
1 oct 2026,SEM_Marca_Pura,3775.7,301
24 jul 2026,SEM_Marca_Derivada,3767.6,237
11 ago 2026,Terceros,3764,219
2 sept 2026,SEM_Generico,3762,79
17 jul 2026,Pmax,3759.9,99
29 sept 2026,SEM_Marca_Pura,3750.3,288
13 jul 2026,SEM_Generico,3743.8,48
16 oct 2026,SEM_Marca_Pura,3741.8,316
7 ene 2026,Pmax,3738.9,96
11 sept 2026,SEM_Generico,3734.4,73
25 ago 2026,SEM_Generico,3729.5,69
17 sept 2026,SEM_Marca_Pura,3725.6,288
6 jul 2026,Pmax,3723.9,71
19 ene 2026,Paid_Social,3723,83
19 ago 2026,SEM_Marca_Pura,3721.3,255
18 jul 2026,SEM_Generico,3714.5,77
9 dic 2026,Paid_Social,3712.9,173
14 nov 2026,Pmax,3710.8,205
22 jul 2026,SEM_Marca_Derivada,3707.5,219
20 ago 2026,SEM_Marca_Pura,3698.9,254
12 sept 2026,SEM_Generico,3698.4,76
16 sept 2026,SEM_Generico,3697.9,96
5 ago 2026,Terceros,3697.4,198
14 sept 2026,SEM_Generico,3695.2,44
13 oct 2026,Terceros,3694.8,167
21 ago 2026,SEM_Marca_Pura,3693.5,250
23 sept 2026,SEM_Marca_Pura,3693,293
21 nov 2026,SEM_Marca_Pura,3691.1,288
8 sept 2026,Terceros,3683.7,306
10 nov 2026,Paid_Social,3679.1,117
11 ago 2026,Paid_Social,3671.2,176
17 dic 2026,Pmax,3670.8,95
15 sept 2026,Pmax,3665.3,103
3 sept 2026,SEM_Generico,3663,75
16 ago 2026,Paid_Social,3662.4,127
14 oct 2026,Paid_Social,3651.8,111
13 nov 2026,Paid_Social,3647,121
12 nov 2026,Paid_Social,3646.6,115
17 dic 2026,Paid_Social,3636.1,35
24 jul 2026,SEM_Generico,3634.4,87
29 ago 2026,SEM_Marca_Pura,3630.3,256
23 dic 2026,SEM_Marca_Pura,3625.4,278
28 dic 2026,Pmax,3617.6,109
21 oct 2026,SEM_Marca_Pura,3617.6,329
4 jul 2026,SEM_Generico,3616.9,69
15 jul 2026,Paid_Social,3614.4,195
18 sept 2026,Pmax,3610.5,101
29 dic 2026,SEM_Generico,3608.5,50
15 dic 2026,SEM_Generico,3605.3,55
30 dic 2026,SEM_Generico,3591.8,61
5 nov 2026,Pmax,3588.1,139
10 dic 2026,Pmax,3586.8,99
21 jul 2026,Terceros,3583.6,280
9 sept 2026,Terceros,3580.6,263
21 ene 2026,Paid_Social,3580.3,72
12 ago 2026,Terceros,3579.6,213
18 ago 2026,SEM_Marca_Pura,3567.2,263
28 nov 2026,SEM_Marca_Pura,3564.6,259
25 jul 2026,SEM_Marca_Derivada,3559.8,160
20 oct 2026,SEM_Marca_Pura,3550.3,300
22 ago 2026,SEM_Generico,3536.8,50
2 jul 2026,Terceros,3536.5,241
7 oct 2026,Paid_Social,3535.8,148
29 nov 2026,Pmax,3535.6,145
22 oct 2026,SEM_Marca_Pura,3530.1,338
8 ago 2026,SEM_Marca_Pura,3514.1,239
6 ago 2026,Paid_Social,3510.8,230
9 dic 2026,Pmax,3505.9,109
15 oct 2026,SEM_Marca_Pura,3503.3,308
14 ago 2026,Paid_Social,3502.8,187
17 nov 2026,Paid_Social,3497.6,148
6 jul 2026,SEM_Generico,3488.1,28
9 jul 2026,SEM_Generico,3482.7,95
23 ene 2026,Pmax,3476.6,103
16 dic 2026,Pmax,3463.3,86
30 jul 2026,Terceros,3463.3,164
14 nov 2026,SEM_Marca_Pura,3461.1,297
30 ene 2026,Pmax,3460.7,99
15 sept 2026,SEM_Generico,3442.2,86
25 sept 2026,SEM_Marca_Pura,3441.8,297
22 jul 2026,Pmax,3441.2,100
3 sept 2026,Pmax,3434,105
15 oct 2026,Pmax,3431.9,118
13 ago 2026,SEM_Generico,3427.5,91
18 sept 2026,SEM_Marca_Pura,3419.2,310
14 ene 2026,Paid_Social,3418.3,60
11 ago 2026,SEM_Generico,3415.9,84
8 ago 2026,SEM_Generico,3403.8,66
14 ago 2026,SEM_Generico,3398.5,59
30 dic 2026,Paid_Social,3397.4,80
25 jul 2026,SEM_Marca_Pura,3394.1,216
7 ago 2026,Paid_Social,3389.2,255
14 ago 2026,SEM_Marca_Pura,3388.6,234
4 ago 2026,Pmax,3386,128
14 ago 2026,Pmax,3378.3,83
29 oct 2026,SEM_Marca_Pura,3365.8,310
2 oct 2026,SEM_Marca_Pura,3364.5,252
17 jul 2026,Terceros,3364.2,276
12 ago 2026,SEM_Generico,3358.9,51
10 dic 2026,Paid_Social,3358,133
29 dic 2026,Paid_Social,3358,91
30 dic 2026,SEM_Marca_Pura,3357.4,304
12 sept 2026,Paid_Social,3353.9,152
9 jul 2026,Terceros,3348.7,188
24 sept 2026,SEM_Marca_Pura,3348.6,274
14 jul 2026,Terceros,3341.6,249
16 sept 2026,Pmax,3341.2,105
19 sept 2026,Pmax,3339.7,86
8 ago 2026,Paid_Social,3338.5,175
22 ene 2026,Paid_Social,3337.8,73
27 ene 2026,Pmax,3336.8,113
25 jul 2026,SEM_Generico,3332,56
28 oct 2026,SEM_Marca_Pura,3323,275
26 ene 2026,SEM_Marca_Derivada,3318.9,276
3 dic 2026,SEM_Marca_Derivada,3318.8,253
26 ene 2026,Paid_Social,3309.7,71
22 dic 2026,Pmax,3309.1,73
4 ago 2026,Paid_Social,3302.5,250
4 sept 2026,Terceros,3300,249
31 jul 2026,SEM_Marca_Derivada,3299.7,248
12 ene 2026,SEM_Generico,3293.4,44
4 jul 2026,Pmax,3292.6,92
7 ago 2026,Terceros,3292.4,190
14 dic 2026,Pmax,3290.7,100
7 jul 2026,Paid_Social,3290.3,158
25 ago 2026,Terceros,3282.5,208
29 ago 2026,Paid_Social,3281.7,708
5 sept 2026,SEM_Marca_Pura,3279.7,246
28 ago 2026,SEM_Generico,3276.4,78
28 nov 2026,Pmax,3267.8,116
5 sept 2026,Paid_Social,3266.8,129
5 jul 2026,Paid_Social,3266.6,127
2 dic 2026,Pmax,3264.2,83
9 ene 2026,SEM_Generico,3259.4,50
14 jul 2026,Paid_Social,3255.3,122
9 oct 2026,SEM_Generico,3254,91
16 dic 2026,SEM_Generico,3253.3,52
7 ene 2026,Paid_Social,3249.2,86
16 ene 2026,SEM_Generico,3241.8,48
10 oct 2026,SEM_Marca_Pura,3241.7,237
29 oct 2026,Pmax,3231.9,112
9 oct 2026,Pmax,3229.6,91
19 dic 2026,SEM_Marca_Pura,3229.3,301
21 sept 2026,Pmax,3220.7,86
20 nov 2026,Paid_Social,3217.9,112
13 ago 2026,Terceros,3215.3,211
5 sept 2026,Pmax,3215,94
16 jul 2026,Terceros,3212,222
28 ene 2026,SEM_Generico,3208.6,44
16 ene 2026,Pmax,3206.7,110
19 ago 2026,Terceros,3206.7,201
15 jul 2026,Terceros,3201.6,208
21 ene 2026,SEM_Generico,3199.4,53
16 oct 2026,Pmax,3197.4,121
17 jul 2026,SEM_Marca_Derivada,3195.9,256
26 ene 2026,SEM_Generico,3190.3,58
13 ene 2026,SEM_Marca_Derivada,3188.3,241
23 ene 2026,SEM_Generico,3185,48
14 nov 2026,SEM_Generico,3180,83
8 nov 2026,Pmax,3178.1,133
13 nov 2026,SEM_Generico,3173.3,45
14 jul 2026,SEM_Marca_Derivada,3173.2,287
24 jul 2026,Terceros,3165.1,193
22 ago 2026,SEM_Marca_Pura,3164.2,227
5 ago 2026,Paid_Social,3161.6,209
13 sept 2026,SEM_Generico,3153,25
19 ene 2026,SEM_Generico,3152.2,59
3 nov 2026,Paid_Social,3150.8,118
19 ene 2026,Terceros,3150.7,193
1 dic 2026,SEM_Marca_Derivada,3150.5,331
23 oct 2026,SEM_Marca_Pura,3148.9,304
22 ene 2026,SEM_Generico,3142.6,49
7 jul 2026,SEM_Marca_Derivada,3140.9,270
9 dic 2026,SEM_Marca_Derivada,3140.7,277
11 jul 2026,Paid_Social,3127,134
28 jul 2026,SEM_Marca_Derivada,3125.8,285
15 ene 2026,SEM_Generico,3123.7,44
14 ene 2026,SEM_Generico,3122.1,32
28 ene 2026,SEM_Marca_Derivada,3115.5,253
12 nov 2026,SEM_Generico,3114.4,65
11 nov 2026,SEM_Marca_Derivada,3106.2,251
4 sept 2026,SEM_Generico,3095.5,78
30 nov 2026,Pmax,3095,109
17 oct 2026,Pmax,3093.6,124
11 nov 2026,SEM_Generico,3093.5,75
7 ene 2026,SEM_Generico,3093,75
8 ene 2026,SEM_Generico,3091,53
15 dic 2026,Pmax,3085.9,103
19 ene 2026,SEM_Marca_Derivada,3085.1,244
29 ene 2026,SEM_Generico,3085,48
24 jul 2026,Display,3081.1,43
8 oct 2026,SEM_Generico,3077.1,106
25 nov 2026,Pmax,3073.9,112
29 ago 2026,SEM_Generico,3072.6,59
18 jul 2026,Display,3069.3,35
12 jul 2026,Pmax,3065.1,83
22 ene 2026,SEM_Marca_Derivada,3060.1,232
28 jul 2026,Display,3058.7,69
24 nov 2026,Pmax,3057.9,173
7 jul 2026,Terceros,3054.8,217
11 dic 2026,Paid_Social,3053.6,107
24 ago 2026,Paid_Social,3052.9,129
17 oct 2026,SEM_Marca_Pura,3049.2,272
17 dic 2026,SEM_Generico,3048.7,64
7 sept 2026,SEM_Generico,3048.4,36
26 dic 2026,Pmax,3045.3,78
18 jul 2026,SEM_Marca_Derivada,3042,196
25 ene 2026,Pmax,3034.5,87
1 ene 2026,Pmax,3033.4,67
20 ene 2026,SEM_Generico,3028.8,56
1 ago 2026,SEM_Marca_Derivada,3028.1,292
8 ene 2026,SEM_Marca_Derivada,3025.1,198
16 sept 2026,Paid_Social,3021.5,70
8 ago 2026,Pmax,3019.4,94
17 nov 2026,SEM_Marca_Derivada,3016.7,288
7 ene 2026,SEM_Marca_Derivada,3016,274
1 dic 2026,Pmax,3014.8,102
10 nov 2026,SEM_Marca_Derivada,3014.5,239
3 jul 2026,Terceros,3014.5,189
30 jul 2026,SEM_Marca_Derivada,3013.8,216
10 oct 2026,SEM_Generico,3011.9,81
4 ene 2026,Pmax,3009.5,92
6 sept 2026,SEM_Generico,3008.9,46
20 jul 2026,SEM_Marca_Derivada,3008.7,50
21 ago 2026,Terceros,3007.2,165
26 ene 2026,Terceros,3000,193
9 jul 2026,Pmax,2999.5,93
18 nov 2026,SEM_Marca_Derivada,2998.4,250
27 ene 2026,SEM_Generico,2997,45
12 sept 2026,Pmax,2996,66
5 nov 2026,SEM_Marca_Derivada,2995.5,211
26 dic 2026,SEM_Generico,2988.6,35
18 dic 2026,Paid_Social,2988.3,38
21 jul 2026,Display,2988.1,53
27 nov 2026,Pmax,2987.8,134
11 ene 2026,Pmax,2987.5,100
3 sept 2026,Terceros,2985,160
1 jul 2026,Pmax,2984.5,80
12 nov 2026,SEM_Marca_Derivada,2982.9,291
10 dic 2026,Terceros,2981.8,140
21 ago 2026,Display,2981.2,76
12 sept 2026,SEM_Marca_Pura,2980.5,254
8 jul 2026,Terceros,2979,184
17 jul 2026,Display,2973.5,45
30 ene 2026,SEM_Generico,2967,64
20 oct 2026,Pmax,2965.5,122
27 oct 2026,Paid_Social,2962,127
26 dic 2026,SEM_Marca_Pura,2962,244
3 jul 2026,SEM_Marca_Derivada,2960.9,266
13 nov 2026,SEM_Marca_Derivada,2959.5,233
22 sept 2026,Paid_Social,2959.2,113
21 ene 2026,SEM_Marca_Derivada,2956.1,254
30 oct 2026,Pmax,2956.1,78
6 ago 2026,Terceros,2947.7,179
13 ene 2026,SEM_Generico,2947.7,38
9 oct 2026,Paid_Social,2938.5,141
8 ene 2026,Paid_Social,2938.1,69
13 oct 2026,Pmax,2930.1,102
28 oct 2026,SEM_Generico,2925.6,72
7 jul 2026,Pmax,2923.6,95
25 jul 2026,Display,2923,47
29 jul 2026,SEM_Marca_Derivada,2917.5,230
5 sept 2026,SEM_Generico,2916.7,67
1 jul 2026,Terceros,2911.8,184
1 ago 2026,Terceros,2909.3,176
27 oct 2026,SEM_Marca_Pura,2907.1,290
21 dic 2026,Pmax,2905.3,78
15 jul 2026,SEM_Marca_Derivada,2904.3,251
17 sept 2026,Paid_Social,2903.7,71
11 dic 2026,Pmax,2901.3,84
27 oct 2026,Terceros,2897.6,267
5 dic 2026,Pmax,2894.3,69
22 dic 2026,SEM_Generico,2892.5,48
1 jul 2026,SEM_Marca_Derivada,2889.8,152
31 oct 2026,Pmax,2887.4,74
23 dic 2026,Paid_Social,2887.2,46
2 jul 2026,SEM_Marca_Derivada,2883.5,260
9 jul 2026,Paid_Social,2881.5,133
2 dic 2026,SEM_Marca_Derivada,2879.6,264
3 dic 2026,Pmax,2876.6,67
8 jul 2026,Pmax,2874.5,110
19 sept 2026,Paid_Social,2871.4,102
6 nov 2026,SEM_Marca_Derivada,2871.1,225
8 ago 2026,Terceros,2862.8,168
15 ene 2026,SEM_Marca_Derivada,2858.5,241
19 sept 2026,SEM_Marca_Pura,2855.4,232
15 ene 2026,Paid_Social,2854.6,70
14 nov 2026,Paid_Social,2851,73
20 ene 2026,Pmax,2850.3,92
16 jul 2026,SEM_Marca_Derivada,2848.9,234
20 nov 2026,SEM_Marca_Derivada,2846,224
4 jul 2026,Terceros,2845.5,135
16 jul 2026,Pmax,2840.5,98
26 sept 2026,SEM_Marca_Pura,2840,201
19 dic 2026,Paid_Social,2834.5,20
3 jul 2026,Pmax,2830.3,83
22 oct 2026,Pmax,2828,117
5 jul 2026,SEM_Generico,2826.7,32
3 oct 2026,SEM_Marca_Pura,2824.8,408
9 dic 2026,Terceros,2824.5,257
14 ene 2026,SEM_Marca_Derivada,2810.9,260
7 dic 2026,Pmax,2809.9,68
15 dic 2026,Paid_Social,2809.5,28
10 jul 2026,Pmax,2808.4,92
8 jul 2026,Paid_Social,2808.1,164
10 jul 2026,Paid_Social,2804.5,128
20 ene 2026,SEM_Marca_Derivada,2797.3,219
8 jul 2026,SEM_Marca_Derivada,2787.8,230
23 oct 2026,Paid_Social,2787.6,120
30 ene 2026,Paid_Social,2783.8,55
21 oct 2026,Pmax,2783.3,113
4 ago 2026,SEM_Marca_Derivada,2779.2,295
18 sept 2026,Paid_Social,2779,69
30 jul 2026,Paid_Social,2778,192
20 jul 2026,Paid_Social,2776.6,464
16 ene 2026,Paid_Social,2771.6,63
8 oct 2026,Pmax,2769.2,73
3 nov 2026,SEM_Marca_Derivada,2766.5,281
15 dic 2026,SEM_Marca_Derivada,2762.8,305
24 ago 2026,Pmax,2755.2,97
27 ene 2026,SEM_Marca_Derivada,2753.6,222
19 nov 2026,SEM_Marca_Derivada,2753.5,243
24 nov 2026,SEM_Marca_Derivada,2752,281
27 jul 2026,Paid_Social,2750.5,108
29 ene 2026,SEM_Marca_Derivada,2744.8,210
29 jul 2026,Pmax,2736.6,92
13 ene 2026,Terceros,2732.5,173
21 oct 2026,Terceros,2728.3,284
6 oct 2026,Paid_Social,2725.9,146
22 ago 2026,Terceros,2724.9,204
25 jul 2026,Terceros,2724.7,197
10 nov 2026,Pmax,2724.5,198
16 dic 2026,SEM_Marca_Derivada,2722.4,227
9 ene 2026,Paid_Social,2721.4,60
14 ene 2026,Terceros,2720.7,191
12 ene 2026,SEM_Marca_Derivada,2717.3,228
5 sept 2026,Terceros,2714.7,208
4 nov 2026,SEM_Marca_Derivada,2713.3,230
4 dic 2026,SEM_Marca_Derivada,2704.2,269
31 dic 2026,Terceros,2703.3,131
5 jul 2026,Terceros,2683.4,162
19 dic 2026,Pmax,2682.9,74
7 ene 2026,Terceros,2675.9,200
6 ago 2026,SEM_Marca_Derivada,2671.8,244
14 jul 2026,Pmax,2668.9,67
10 ene 2026,SEM_Marca_Pura,2666.9,145
26 nov 2026,SEM_Generico,2665.9,59
23 dic 2026,Pmax,2664.6,52
10 dic 2026,SEM_Marca_Derivada,2663,225
12 ene 2026,Terceros,2655.6,213
19 oct 2026,Pmax,2654.6,90
23 ene 2026,SEM_Marca_Derivada,2652.8,210
15 dic 2026,Terceros,2652.5,175
31 dic 2026,SEM_Marca_Pura,2651.8,183
23 nov 2026,Pmax,2646.8,247
15 jul 2026,Pmax,2625.5,85
19 jul 2026,SEM_Marca_Derivada,2620.3,106
10 sept 2026,SEM_Marca_Derivada,2616.3,249
10 jul 2026,Terceros,2615.7,164
7 oct 2026,Pmax,2604.8,91
6 jul 2026,Terceros,2601.1,130
23 ene 2026,Paid_Social,2593.7,73
21 nov 2026,SEM_Generico,2592.6,52
10 oct 2026,Pmax,2591.9,57
3 oct 2026,Paid_Social,2591.3,146
15 sept 2026,SEM_Marca_Derivada,2590.2,227
23 ago 2026,Paid_Social,2586.2,117
13 dic 2026,Pmax,2584.7,87
27 jul 2026,SEM_Generico,2575.9,33
6 nov 2026,SEM_Generico,2575.2,64
23 dic 2026,SEM_Generico,2572.6,44
4 nov 2026,SEM_Generico,2567.2,54
16 ene 2026,SEM_Marca_Derivada,2560.8,185
18 ene 2026,SEM_Marca_Pura,2559.1,101
6 jul 2026,SEM_Marca_Pura,2558.6,93
18 sept 2026,SEM_Marca_Derivada,2558,229
3 ago 2026,SEM_Generico,2554,31
2 sept 2026,Terceros,2553.1,152
29 ene 2026,Paid_Social,2552.4,57
1 sept 2026,Terceros,2552.3,169
5 nov 2026,SEM_Generico,2548.1,66
9 nov 2026,Pmax,2543.7,181
6 oct 2026,SEM_Generico,2543.6,92
20 nov 2026,Terceros,2542,121
4 dic 2026,Paid_Social,2538.9,104
1 dic 2026,Terceros,2537.8,142
20 ago 2026,Terceros,2536.7,138
29 sept 2026,Terceros,2535,194
2 jul 2026,Pmax,2534.8,76
22 jul 2026,Display,2534,36
23 jul 2026,Display,2533.7,54
4 jul 2026,SEM_Marca_Derivada,2531.4,220
22 sept 2026,Terceros,2530.6,244
7 ago 2026,SEM_Marca_Derivada,2527,203
10 sept 2026,Terceros,2526.8,203
9 ene 2026,SEM_Marca_Derivada,2524.4,215
11 jul 2026,Terceros,2521.1,118
17 ene 2026,SEM_Marca_Pura,2519.1,152
20 ene 2026,Terceros,2516.4,179
24 ago 2026,SEM_Generico,2515.9,23
17 ago 2026,SEM_Generico,2511.7,29
20 ago 2026,Display,2505.1,82
24 oct 2026,Paid_Social,2501.7,100
5 ago 2026,SEM_Marca_Derivada,2498.3,213
24 oct 2026,SEM_Marca_Pura,2492.1,212
14 oct 2026,Pmax,2487,123
9 jul 2026,SEM_Marca_Derivada,2486.2,238
5 ene 2026,SEM_Marca_Derivada,2483,216
30 ene 2026,SEM_Marca_Derivada,2481.6,209
2 ago 2026,SEM_Marca_Pura,2480,124
10 jul 2026,SEM_Marca_Derivada,2475.1,244
31 ene 2026,Pmax,2473.2,79
12 ago 2026,SEM_Marca_Derivada,2472.3,249
25 nov 2026,SEM_Marca_Derivada,2470.8,212
20 sept 2026,Pmax,2468.7,71
5 dic 2026,SEM_Generico,2463.9,42
10 ago 2026,SEM_Generico,2463.6,39
15 oct 2026,Terceros,2461.9,159
29 dic 2026,Terceros,2461.3,262
17 sept 2026,SEM_Marca_Derivada,2455.9,235
9 dic 2026,SEM_Generico,2455.5,48
11 ago 2026,SEM_Marca_Derivada,2452.4,283
11 dic 2026,SEM_Marca_Derivada,2438,248
21 ago 2026,Pmax,2430.9,66
9 sept 2026,SEM_Marca_Derivada,2429.9,265
22 sept 2026,SEM_Marca_Derivada,2428.6,266
5 dic 2026,Paid_Social,2428.4,87
20 dic 2026,Pmax,2421.1,79
11 ene 2026,SEM_Marca_Pura,2415,72
7 oct 2026,SEM_Marca_Derivada,2411.5,66
3 nov 2026,Pmax,2411,123
11 sept 2026,Terceros,2410.5,309
25 ago 2026,Display,2404.1,82
8 oct 2026,SEM_Marca_Derivada,2403.1,67
6 oct 2026,Pmax,2402.9,91
16 sept 2026,SEM_Marca_Derivada,2398,227
5 dic 2026,SEM_Marca_Derivada,2397.4,217
11 sept 2026,SEM_Marca_Derivada,2397.4,184
27 jul 2026,Terceros,2392.4,115
22 oct 2026,Paid_Social,2392.2,113
4 dic 2026,SEM_Generico,2391.1,29
26 nov 2026,SEM_Marca_Derivada,2389.5,243
24 nov 2026,Terceros,2384.6,158
14 sept 2026,Paid_Social,2381.8,177
31 ene 2026,SEM_Marca_Pura,2381.5,154
12 dic 2026,SEM_Generico,2377.3,30
3 nov 2026,Terceros,2377.1,141
23 sept 2026,Terceros,2375,150
28 ago 2026,Terceros,2374.8,165
26 jul 2026,SEM_Generico,2373.5,109
30 oct 2026,SEM_Marca_Derivada,2372.6,213
18 dic 2026,SEM_Marca_Derivada,2366.5,176
16 ago 2026,SEM_Generico,2366.3,43
5 nov 2026,Display,2358.9,84
18 dic 2026,SEM_Generico,2355.2,29
3 ago 2026,SEM_Marca_Pura,2352.1,100
1 sept 2026,SEM_Marca_Derivada,2350.6,239
15 sept 2026,Terceros,2349.8,264
27 dic 2026,Paid_Social,2343.4,36
22 dic 2026,Paid_Social,2343.4,39
21 nov 2026,SEM_Marca_Derivada,2342,194
24 ene 2026,SEM_Marca_Pura,2340.7,126
17 dic 2026,SEM_Marca_Derivada,2335.4,216
29 ago 2026,Terceros,2329.8,142
25 ene 2026,SEM_Marca_Pura,2325.5,73
10 nov 2026,Terceros,2323.8,168
31 dic 2026,Pmax,2320.7,47
25 sept 2026,SEM_Marca_Derivada,2320.7,248
24 ago 2026,Terceros,2315.3,226
2 ene 2026,SEM_Marca_Derivada,2314.9,224
6 oct 2026,Terceros,2310.4,208
23 ago 2026,SEM_Generico,2307.4,34
19 dic 2026,SEM_Generico,2305.7,37
27 jul 2026,Pmax,2305.1,77
7 nov 2026,SEM_Marca_Derivada,2304.6,176
3 ene 2026,SEM_Marca_Pura,2300.7,132
14 oct 2026,Terceros,2297.4,195
1 dic 2026,SEM_Generico,2290.3,39
31 oct 2026,SEM_Marca_Derivada,2289.5,222
16 dic 2026,Paid_Social,2284.8,17
29 sept 2026,SEM_Marca_Derivada,2283.4,279
22 sept 2026,Pmax,2281.1,81
24 sept 2026,SEM_Marca_Derivada,2281,198
11 dic 2026,SEM_Generico,2280.5,43
29 dic 2026,SEM_Marca_Derivada,2279.7,209
12 sept 2026,Terceros,2275.5,255
16 jul 2026,Display,2274.3,47
4 nov 2026,Display,2269.2,77
22 ago 2026,Display,2263.7,63
14 nov 2026,SEM_Marca_Derivada,2263.6,197
27 nov 2026,SEM_Marca_Derivada,2261.9,186
17 dic 2026,Terceros,2259.5,128
2 sept 2026,SEM_Marca_Derivada,2257.9,227
9 ago 2026,SEM_Generico,2255,42
12 jul 2026,Terceros,2253.5,141
9 oct 2026,SEM_Marca_Derivada,2246.9,51
27 dic 2026,Pmax,2244,102
30 sept 2026,SEM_Marca_Derivada,2238.1,295
30 dic 2026,Terceros,2232.3,177
14 oct 2026,SEM_Marca_Derivada,2227.8,186
1 jul 2026,Display,2225.5,48
15 ene 2026,Terceros,2224.3,184
2 ene 2026,Paid_Social,2223.8,83
2 ene 2026,Pmax,2223.6,122
7 oct 2026,Terceros,2222.4,139
18 ene 2026,Terceros,2222.3,114
28 oct 2026,SEM_Marca_Derivada,2222.1,188
7 sept 2026,Paid_Social,2215.6,82
8 nov 2026,SEM_Marca_Pura,2208.3,116
27 ene 2026,Terceros,2197.7,136
28 oct 2026,Pmax,2196.5,83
2 dic 2026,Paid_Social,2191.5,82
22 oct 2026,Terceros,2191.5,193
5 jul 2026,SEM_Marca_Pura,2191.3,125
24 nov 2026,SEM_Generico,2190.7,53
13 sept 2026,Paid_Social,2189,182
18 ene 2026,Pmax,2188.8,70
21 sept 2026,Paid_Social,2188.7,89
12 sept 2026,SEM_Marca_Derivada,2180.9,221
19 nov 2026,Paid_Social,2178,88
30 nov 2026,SEM_Marca_Pura,2172.5,101
26 ago 2026,Display,2171.3,58
12 dic 2026,SEM_Marca_Derivada,2171.1,175
1 oct 2026,Pmax,2170.8,82
7 jul 2026,Display,2165.5,31
3 dic 2026,SEM_Generico,2163.4,38
17 ago 2026,Paid_Social,2156,94
23 sept 2026,SEM_Marca_Derivada,2154.7,209
22 nov 2026,Pmax,2151.5,168
2 oct 2026,Terceros,2151.2,239
16 ene 2026,Terceros,2150.3,180
19 sept 2026,SEM_Marca_Derivada,2146.3,205
28 nov 2026,SEM_Marca_Derivada,2141.9,167
13 oct 2026,SEM_Marca_Derivada,2137.8,193
6 oct 2026,SEM_Marca_Derivada,2136.7,72
26 jul 2026,Terceros,2135.9,181
8 oct 2026,Terceros,2130.8,143
8 sept 2026,SEM_Marca_Derivada,2124.4,231
25 ago 2026,SEM_Marca_Derivada,2123.2,187
27 nov 2026,Terceros,2121.7,140
2 oct 2026,Pmax,2119.7,64
9 ago 2026,SEM_Marca_Pura,2115.8,119
29 nov 2026,SEM_Marca_Pura,2112.5,139
18 sept 2026,SEM_Generico,2111.9,54
15 oct 2026,Paid_Social,2111.4,85
30 sept 2026,Pmax,2098,90
11 jul 2026,SEM_Marca_Derivada,2095.4,179
19 jul 2026,Terceros,2090.3,136
4 ene 2026,SEM_Marca_Pura,2086.9,73
10 nov 2026,SEM_Generico,2082.8,60
9 oct 2026,Terceros,2081.7,126
27 ago 2026,Display,2079.1,74
20 jul 2026,Terceros,2078.3,144
29 oct 2026,SEM_Marca_Derivada,2071.2,175
26 ago 2026,Terceros,2068.9,148
31 ago 2026,SEM_Generico,2068.4,31
2 ago 2026,SEM_Generico,2068.2,26
27 nov 2026,SEM_Generico,2066.9,46
7 nov 2026,SEM_Generico,2057.6,43
17 sept 2026,SEM_Generico,2055.4,43
22 dic 2026,SEM_Marca_Derivada,2054.3,211
30 ago 2026,SEM_Generico,2054.3,30
21 oct 2026,SEM_Marca_Derivada,2053.5,81
19 sept 2026,SEM_Generico,2053.4,30
27 ene 2026,Paid_Social,2052.4,57
28 nov 2026,SEM_Generico,2048.7,44
2 dic 2026,SEM_Generico,2046.3,41
10 dic 2026,SEM_Generico,2046,38
26 jul 2026,Paid_Social,2044.7,142
27 ago 2026,SEM_Marca_Derivada,2036.7,208
12 jul 2026,SEM_Marca_Pura,2036.2,122
20 ago 2026,SEM_Marca_Derivada,2030.3,221
23 oct 2026,Pmax,2030.1,107
9 nov 2026,SEM_Marca_Pura,2030,89
13 ago 2026,SEM_Marca_Derivada,2027.5,222
10 ago 2026,SEM_Marca_Pura,2025.8,72
4 sept 2026,SEM_Marca_Derivada,2022.4,159
3 dic 2026,Paid_Social,2019,91
13 jul 2026,Terceros,2017,124
11 oct 2026,Pmax,2015.9,43
25 nov 2026,SEM_Generico,2013,49
3 oct 2026,Pmax,2012.6,61
16 oct 2026,Terceros,2012,165
31 dic 2026,SEM_Generico,2009.7,25
18 ago 2026,SEM_Marca_Derivada,2008,222
31 jul 2026,Paid_Social,2005.2,154
10 oct 2026,Terceros,2004.5,102
20 oct 2026,Terceros,2001.5,189
26 ago 2026,SEM_Marca_Derivada,1999.4,194
19 dic 2026,Terceros,1997.5,115
28 oct 2026,Terceros,1988.6,152
30 dic 2026,SEM_Marca_Derivada,1987.7,158
1 ago 2026,Paid_Social,1987.1,130
2 dic 2026,Terceros,1986.6,137
7 sept 2026,Terceros,1985.6,148
27 jul 2026,SEM_Marca_Pura,1978.5,90
22 dic 2026,Terceros,1976.4,170
2 ene 2026,Terceros,1976.3,114
29 sept 2026,Pmax,1968,90
8 ago 2026,SEM_Marca_Derivada,1966.9,206
17 nov 2026,Terceros,1966.1,157
3 jul 2026,Display,1960.2,37
2 nov 2026,SEM_Marca_Pura,1959.9,106
4 jul 2026,Display,1959.7,37
2 oct 2026,SEM_Generico,1950.3,89
12 jul 2026,Paid_Social,1946.9,109
28 dic 2026,Paid_Social,1941.5,39
11 ene 2026,Terceros,1938.3,134
10 oct 2026,SEM_Marca_Derivada,1931.2,110
17 ago 2026,Pmax,1931.1,78
2 jul 2026,Display,1925.7,50
8 ene 2026,Terceros,1916.3,167
16 ago 2026,Terceros,1916,95
19 jul 2026,Paid_Social,1915,385
26 nov 2026,Terceros,1913.5,164
20 sept 2026,Paid_Social,1913.4,90
31 ago 2026,SEM_Marca_Pura,1911.7,70
19 ago 2026,Display,1907.5,68
28 sept 2026,Pmax,1905.9,56
19 jul 2026,SEM_Marca_Pura,1901.1,95
26 sept 2026,Paid_Social,1897.9,79
5 jul 2026,Display,1894,40
16 nov 2026,SEM_Marca_Pura,1893.8,76
18 oct 2026,Pmax,1892.2,71
10 ago 2026,Pmax,1885.2,68
10 ago 2026,Terceros,1884.3,109
16 nov 2026,Paid_Social,1882.5,66
28 ago 2026,SEM_Marca_Derivada,1881.3,204
8 sept 2026,Display,1879.4,59
19 nov 2026,Terceros,1876.1,132
28 nov 2026,Paid_Social,1874.7,107
24 sept 2026,Pmax,1873.6,72
7 nov 2026,Terceros,1869.4,131
13 jul 2026,SEM_Marca_Pura,1866.6,83
3 sept 2026,SEM_Marca_Derivada,1865.6,193
22 ene 2026,Terceros,1861.9,151
19 ago 2026,SEM_Marca_Derivada,1856.6,204
23 ago 2026,Pmax,1850.1,72
19 ago 2026,Pmax,1848.8,69
28 dic 2026,SEM_Marca_Pura,1848.3,100
31 dic 2026,Paid_Social,1842.5,33
23 oct 2026,Terceros,1838.6,117
23 sept 2026,Pmax,1838.2,66
1 oct 2026,SEM_Marca_Derivada,1836,275
26 dic 2026,Terceros,1835.3,121
26 sept 2026,SEM_Marca_Derivada,1832.3,200
11 oct 2026,Paid_Social,1830.3,59
6 sept 2026,Paid_Social,1828.4,82
23 ago 2026,SEM_Marca_Pura,1826.8,108
24 sept 2026,Terceros,1825.4,104
1 dic 2026,Paid_Social,1821.5,73
17 sept 2026,Terceros,1821,126
23 dic 2026,SEM_Marca_Derivada,1817.2,172
14 sept 2026,Pmax,1815.2,54
20 jul 2026,SEM_Marca_Pura,1814.1,70
15 nov 2026,SEM_Marca_Pura,1813.5,142
17 nov 2026,Display,1813.1,109
7 dic 2026,SEM_Marca_Pura,1810.2,85
6 ene 2026,SEM_Marca_Pura,1809.1,74
25 sept 2026,Paid_Social,1807.5,88
26 oct 2026,Paid_Social,1807.3,66
5 sept 2026,SEM_Marca_Derivada,1805.3,174
23 ene 2026,Terceros,1802.9,127
24 nov 2026,Paid_Social,1801.4,103
31 ago 2026,Paid_Social,1801.4,102
12 nov 2026,Display,1800.1,74
21 ago 2026,SEM_Marca_Derivada,1798.2,170
30 ene 2026,Terceros,1795.5,145
4 nov 2026,Terceros,1788.9,126
1 oct 2026,Terceros,1788.7,100
7 dic 2026,Terceros,1785.3,43
13 dic 2026,SEM_Marca_Pura,1785,127
28 ago 2026,Display,1783.9,49
21 sept 2026,SEM_Generico,1781.9,20
20 oct 2026,Paid_Social,1781.2,72
21 nov 2026,Paid_Social,1778.5,107
3 nov 2026,Display,1778.5,64
2 ago 2026,SEM_Marca_Derivada,1777.7,131
10 nov 2026,Display,1776.9,80
20 dic 2026,SEM_Marca_Pura,1772.8,105
13 nov 2026,Display,1772.3,76
3 sept 2026,Display,1770.2,59
7 sept 2026,SEM_Marca_Pura,1769,86
18 nov 2026,Display,1767.8,107
9 ago 2026,Terceros,1762.2,91
17 ago 2026,Terceros,1761,124
31 oct 2026,Terceros,1759.8,107
18 dic 2026,Terceros,1759.7,150
20 sept 2026,SEM_Generico,1759.4,23
11 nov 2026,Display,1757.6,85
18 ago 2026,Pmax,1756.6,75
10 ene 2026,Terceros,1755.1,90
14 nov 2026,Display,1753.4,109
16 oct 2026,SEM_Marca_Derivada,1750,86
25 nov 2026,Paid_Social,1749.4,88
29 ago 2026,SEM_Marca_Derivada,1749.2,172
5 oct 2026,Pmax,1748,82
10 ene 2026,SEM_Marca_Derivada,1746.2,80
19 nov 2026,Display,1743.3,90
12 dic 2026,Terceros,1740,145
2 oct 2026,Paid_Social,1737.7,126
6 nov 2026,Display,1736.5,62
26 sept 2026,Pmax,1736.4,70
20 nov 2026,Display,1736.2,88
19 dic 2026,SEM_Marca_Derivada,1733.5,174
24 sept 2026,Paid_Social,1732.8,98
22 nov 2026,SEM_Marca_Pura,1730.9,131
25 ene 2026,SEM_Marca_Derivada,1729.5,47
2 oct 2026,SEM_Marca_Derivada,1721.4,214
20 dic 2026,Paid_Social,1719.1,21
23 ago 2026,Terceros,1716.8,162
20 oct 2026,SEM_Marca_Derivada,1712.1,72
22 oct 2026,SEM_Marca_Derivada,1711.8,79
29 ene 2026,Terceros,1710.3,94
9 sept 2026,Display,1704.5,48
30 ago 2026,SEM_Marca_Pura,1702.3,89
21 jul 2026,SEM_Competencia,1702.2,107
19 oct 2026,SEM_Marca_Pura,1700.5,88
3 ago 2026,Pmax,1698.2,86
16 dic 2026,Terceros,1697.7,114
11 oct 2026,SEM_Marca_Pura,1686.6,109
21 oct 2026,Paid_Social,1683.7,103
30 ago 2026,Paid_Social,1682.8,86
25 sept 2026,Pmax,1682.5,68
29 oct 2026,Terceros,1679.5,107
26 nov 2026,Paid_Social,1676.6,98
13 nov 2026,Terceros,1669.7,114
18 ene 2026,SEM_Marca_Derivada,1663,49
2 nov 2026,Terceros,1661.3,97
23 nov 2026,SEM_Marca_Pura,1657.4,85
1 oct 2026,Paid_Social,1656.3,116
15 oct 2026,SEM_Marca_Derivada,1655.7,115
27 nov 2026,Paid_Social,1654.3,90
27 jul 2026,SEM_Marca_Derivada,1653.7,98
20 sept 2026,SEM_Marca_Derivada,1652.2,92
10 sept 2026,Display,1650.7,43
3 ago 2026,Paid_Social,1650.6,87
6 sept 2026,Terceros,1650.4,126
2 sept 2026,Display,1648.2,53
14 jul 2026,SEM_Competencia,1647.9,117
30 ago 2026,Terceros,1646.6,61
30 sept 2026,Paid_Social,1643.4,95
9 nov 2026,SEM_Marca_Derivada,1643.2,72
27 oct 2026,SEM_Marca_Derivada,1641.9,221
2 ago 2026,Terceros,1641.3,87
9 ene 2026,Terceros,1640.4,142
26 dic 2026,SEM_Marca_Derivada,1640.4,120
17 oct 2026,Terceros,1638.8,95
9 ago 2026,Pmax,1635.1,72
14 dic 2026,SEM_Marca_Pura,1633.8,91
28 jul 2026,SEM_Competencia,1633.1,130
5 ene 2026,Terceros,1632.3,167
6 jul 2026,Paid_Social,1629.4,83
9 ago 2026,Paid_Social,1628.9,94
19 sept 2026,Terceros,1624.8,124
29 sept 2026,Paid_Social,1620.7,78
25 oct 2026,SEM_Marca_Pura,1617.4,114
1 ene 2026,SEM_Marca_Pura,1611.8,40
27 dic 2026,SEM_Marca_Pura,1607.6,78
3 oct 2026,SEM_Marca_Derivada,1606.7,122
7 jul 2026,SEM_Competencia,1606,128
31 ene 2026,SEM_Marca_Derivada,1601.3,95
14 ago 2026,SEM_Marca_Derivada,1600.1,147
13 sept 2026,SEM_Marca_Pura,1597.5,115
6 sept 2026,SEM_Marca_Pura,1596.1,95
30 nov 2026,Paid_Social,1596,49
3 oct 2026,Terceros,1594.1,99
23 sept 2026,Paid_Social,1592.1,86
31 oct 2026,Paid_Social,1584.8,55
18 nov 2026,Terceros,1580.8,153
16 sept 2026,Terceros,1577.4,90
6 jul 2026,Display,1573.3,25
17 oct 2026,SEM_Marca_Derivada,1572.3,82
15 jul 2026,SEM_Competencia,1571.3,104
28 ene 2026,Paid_Social,1568.3,40
3 oct 2026,SEM_Generico,1563.4,109
10 ago 2026,Paid_Social,1562.2,64
5 nov 2026,Terceros,1557.3,118
2 nov 2026,SEM_Marca_Derivada,1556.6,71
3 nov 2026,SEM_Generico,1555.3,55
23 jul 2026,SEM_Competencia,1554.9,98
24 jul 2026,SEM_Competencia,1551.3,91
10 ene 2026,Pmax,1551,67
2 ene 2026,SEM_Generico,1547.2,42
2 ago 2026,Pmax,1545.8,65
18 oct 2026,SEM_Marca_Pura,1545.3,89
24 ene 2026,Pmax,1541.1,74
30 oct 2026,Terceros,1539.5,168
20 sept 2026,SEM_Marca_Pura,1535.5,78
22 ago 2026,SEM_Marca_Derivada,1535.4,152
27 sept 2026,Pmax,1534.1,67
23 oct 2026,SEM_Marca_Derivada,1531,69
8 nov 2026,SEM_Marca_Derivada,1530.9,74
24 dic 2026,Paid_Social,1524.6,13
17 ene 2026,Pmax,1518.7,52
11 dic 2026,Terceros,1517,98
22 nov 2026,Terceros,1512.3,164
30 ago 2026,Pmax,1510.1,65
7 sept 2026,Pmax,1506.9,43
29 nov 2026,SEM_Marca_Derivada,1503.5,118
14 nov 2026,Terceros,1499.4,91
3 ago 2026,Terceros,1499.3,82
23 nov 2026,SEM_Marca_Derivada,1493.1,71
17 sept 2026,SEM_Competencia,1489.6,75
9 nov 2026,Paid_Social,1485.2,51
24 oct 2026,SEM_Marca_Derivada,1483.9,94
8 nov 2026,Terceros,1481.1,137
15 nov 2026,Terceros,1480.8,94
16 nov 2026,SEM_Marca_Derivada,1474.4,98
21 ene 2026,Terceros,1458.9,107
24 dic 2026,SEM_Marca_Pura,1457.4,112
26 oct 2026,SEM_Marca_Pura,1457.3,60
5 oct 2026,Terceros,1454.2,105
31 ago 2026,Pmax,1451,55
22 nov 2026,SEM_Marca_Derivada,1450.3,90
4 dic 2026,Terceros,1445.3,80
30 sept 2026,Terceros,1444.8,134
6 sept 2026,Pmax,1441.3,40
28 sept 2026,SEM_Marca_Pura,1440.5,82
4 oct 2026,Pmax,1439.6,63
5 jul 2026,SEM_Marca_Derivada,1439,88
15 nov 2026,SEM_Marca_Derivada,1435.2,104
6 jul 2026,SEM_Marca_Derivada,1432.8,57
21 nov 2026,Terceros,1431.2,140
22 jul 2026,SEM_Competencia,1426.3,107
12 dic 2026,Display,1423.4,34
17 ene 2026,SEM_Marca_Derivada,1418.9,69
28 ene 2026,Terceros,1416.4,130
3 dic 2026,Terceros,1415.2,97
17 ago 2026,SEM_Marca_Pura,1410,58
6 ene 2026,SEM_Marca_Derivada,1408.3,21
15 ago 2026,Terceros,1408.3,107
21 dic 2026,SEM_Marca_Pura,1405.5,66
8 jul 2026,SEM_Competencia,1402.1,110
13 jul 2026,SEM_Marca_Derivada,1398.2,87
25 nov 2026,Terceros,1397.3,109
13 dic 2026,SEM_Marca_Derivada,1394.5,106
11 nov 2026,Terceros,1394.4,109
16 ago 2026,SEM_Marca_Pura,1378.6,107
28 nov 2026,Terceros,1372.7,117
3 ago 2026,SEM_Marca_Derivada,1365.9,66
16 oct 2026,Paid_Social,1363.8,83
7 dic 2026,SEM_Marca_Derivada,1362.7,43
2 jul 2026,SEM_Competencia,1362.3,93
1 jul 2026,SEM_Competencia,1360.8,124
20 dic 2026,SEM_Marca_Derivada,1358.2,96
27 sept 2026,SEM_Marca_Pura,1355.1,86
18 sept 2026,Terceros,1354.5,77
24 dic 2026,Pmax,1352.2,37
11 ene 2026,SEM_Marca_Derivada,1344,45
14 dic 2026,SEM_Marca_Derivada,1343.4,56
24 ene 2026,Terceros,1338.2,94
13 sept 2026,Terceros,1334.3,315
16 jul 2026,SEM_Competencia,1333,112
4 oct 2026,SEM_Marca_Pura,1332.7,183
18 oct 2026,Terceros,1332.5,97
27 ago 2026,SEM_Competencia,1329.6,85
21 sept 2026,Terceros,1326.3,167
25 sept 2026,Terceros,1326.1,112
30 nov 2026,SEM_Marca_Derivada,1321.2,72
25 jul 2026,SEM_Competencia,1320.6,79
24 ene 2026,SEM_Marca_Derivada,1319.5,85
7 dic 2026,Paid_Social,1313.2,23
3 ene 2026,SEM_Marca_Derivada,1308.3,70
4 sept 2026,Display,1304.8,40
9 jul 2026,SEM_Competencia,1304.7,95
1 sept 2026,Display,1304,54
12 jul 2026,SEM_Marca_Derivada,1300.5,85
6 oct 2026,Display,1296.7,61
2 ago 2026,Paid_Social,1296.4,90
31 ene 2026,Terceros,1294.7,79
12 nov 2026,Terceros,1290,104
26 ago 2026,SEM_Competencia,1284.5,71
14 sept 2026,Terceros,1284.4,228
31 ago 2026,Terceros,1284.2,71
30 nov 2026,Terceros,1280.3,143
26 nov 2026,Display,1278.3,48
10 jul 2026,SEM_Competencia,1277.3,107
31 dic 2026,SEM_Marca_Derivada,1275.2,130
20 ago 2026,Pmax,1274.7,53
21 sept 2026,SEM_Marca_Derivada,1268.5,55
24 ago 2026,SEM_Marca_Pura,1264.2,50
15 nov 2026,Paid_Social,1263.8,53
15 sept 2026,SEM_Competencia,1263.7,104
4 ene 2026,SEM_Marca_Derivada,1262.7,42
29 sept 2026,SEM_Generico,1256,76
22 sept 2026,SEM_Generico,1247.8,48
16 nov 2026,Terceros,1242.3,95
19 ago 2026,SEM_Competencia,1236.1,85
7 oct 2026,Display,1232.8,50
26 sept 2026,Terceros,1232.8,103
8 oct 2026,Display,1222,63
29 ago 2026,Display,1221.5,36
29 nov 2026,Paid_Social,1219.2,51
6 ene 2026,Terceros,1218.3,100
1 sept 2026,SEM_Competencia,1217.1,76
11 jul 2026,SEM_Competencia,1216.1,90
23 dic 2026,Terceros,1215.6,90
26 jul 2026,Pmax,1212,56
16 ago 2026,Pmax,1207.7,27
28 dic 2026,SEM_Marca_Derivada,1206.7,53
1 oct 2026,SEM_Generico,1201.6,71
13 dic 2026,Terceros,1200.3,60
9 ago 2026,SEM_Marca_Derivada,1198.6,68
18 sept 2026,SEM_Competencia,1197.8,93
25 ago 2026,SEM_Competencia,1196.9,48
30 sept 2026,SEM_Generico,1196.3,64
2 sept 2026,SEM_Competencia,1194.7,65
28 sept 2026,SEM_Marca_Derivada,1194.3,56
20 ago 2026,SEM_Competencia,1192.6,77
27 dic 2026,SEM_Marca_Derivada,1191.1,71
21 sept 2026,SEM_Marca_Pura,1187.5,52
11 oct 2026,Terceros,1187.4,69
24 oct 2026,Terceros,1182,128
17 jul 2026,SEM_Competencia,1180.7,85
25 oct 2026,Paid_Social,1177,59
9 oct 2026,Display,1176.1,46
7 sept 2026,SEM_Marca_Derivada,1174.5,78
28 dic 2026,Terceros,1170.3,52
14 dic 2026,Terceros,1170.3,89
6 sept 2026,SEM_Marca_Derivada,1169.4,100
3 jul 2026,SEM_Competencia,1168.2,84
10 ago 2026,SEM_Marca_Derivada,1166.5,91
30 oct 2026,Display,1166.2,38
8 sept 2026,SEM_Competencia,1165.4,102
28 ago 2026,SEM_Competencia,1163.5,67
11 sept 2026,Display,1163.1,44
6 nov 2026,Terceros,1159.8,83
13 sept 2026,Pmax,1157,38
10 oct 2026,Display,1155.6,47
27 sept 2026,SEM_Marca_Derivada,1154.4,93
21 dic 2026,Paid_Social,1153,18
14 sept 2026,SEM_Marca_Pura,1145.2,54
4 jul 2026,SEM_Competencia,1143.4,109
26 oct 2026,SEM_Marca_Derivada,1142.6,55
17 oct 2026,Paid_Social,1139.5,63
18 jul 2026,SEM_Competencia,1138.3,65
5 ene 2026,Pmax,1137.9,56
6 ene 2026,Pmax,1136.2,55
18 ago 2026,SEM_Competencia,1129.3,80
13 jul 2026,Paid_Social,1123.4,76
30 ago 2026,SEM_Marca_Derivada,1119.4,96
4 oct 2026,Terceros,1116.5,77
5 oct 2026,SEM_Marca_Pura,1115.6,94
21 ago 2026,SEM_Competencia,1113.4,60
9 sept 2026,SEM_Competencia,1107.2,87
25 ene 2026,Terceros,1103.6,81
11 oct 2026,SEM_Marca_Derivada,1098.5,98
19 oct 2026,Paid_Social,1098.3,46
16 sept 2026,SEM_Competencia,1096.7,80
1 ene 2026,SEM_Marca_Derivada,1095,12
24 dic 2026,SEM_Generico,1068,19
13 jul 2026,SEM_Competencia,1067.9,70
8 nov 2026,Paid_Social,1062.1,45
19 oct 2026,SEM_Marca_Derivada,1055.6,29
25 oct 2026,SEM_Marca_Derivada,1041.8,73
7 ene 2026,SEM_Competencia,1038.6,85
28 sept 2026,Paid_Social,1037.9,45
21 dic 2026,SEM_Marca_Derivada,1037.7,38
30 oct 2026,SEM_Generico,1030,31
20 sept 2026,Terceros,1024.3,101
17 ene 2026,Terceros,1020.6,84
19 oct 2026,Terceros,1015.3,94
3 sept 2026,SEM_Competencia,1014.6,63
23 ago 2026,SEM_Marca_Derivada,1005.9,66
27 nov 2026,Display,1005,42
11 sept 2026,SEM_Competencia,1002.9,73
24 ago 2026,SEM_Marca_Derivada,1001.9,59
10 sept 2026,SEM_Competencia,1001.2,92
5 nov 2026,SEM_Competencia,1000.7,42
14 sept 2026,SEM_Marca_Derivada,999.5,34
16 ago 2026,SEM_Marca_Derivada,999.4,72
29 nov 2026,Terceros,999.1,101
17 ago 2026,SEM_Marca_Derivada,998.5,63
8 ene 2026,SEM_Competencia,996.2,72
18 oct 2026,SEM_Marca_Derivada,995.5,44
13 sept 2026,SEM_Marca_Derivada,994,77
5 jul 2026,SEM_Competencia,985.2,74
28 nov 2026,Display,980.1,46
6 jul 2026,SEM_Competencia,978.9,42
14 ene 2026,SEM_Competencia,975.2,49
2 nov 2026,Pmax,974.6,66
13 ene 2026,SEM_Competencia,974.6,42
20 ene 2026,SEM_Competencia,972.4,40
21 dic 2026,Terceros,972.3,68
2 dic 2026,Display,970.2,18
9 nov 2026,Terceros,967.3,102
24 dic 2026,Terceros,965.8,76
9 dic 2026,SEM_Competencia,963.6,45
19 sept 2026,SEM_Competencia,962.5,68
4 sept 2026,SEM_Competencia,958.3,65
28 ene 2026,SEM_Competencia,955.1,42
20 dic 2026,Terceros,954.3,64
12 ene 2026,SEM_Competencia,941.4,59
5 sept 2026,SEM_Competencia,940.2,62
29 oct 2026,Display,935.7,44
28 sept 2026,Terceros,933.3,119
27 ene 2026,SEM_Competencia,924.6,46
29 dic 2026,SEM_Competencia,920.2,50
31 ago 2026,SEM_Marca_Derivada,919.4,47
21 ene 2026,SEM_Competencia,916.5,31
22 ene 2026,SEM_Competencia,914.7,43
3 dic 2026,Display,913.1,18
11 dic 2026,Display,911.9,28
4 dic 2026,Display,911.9,28
9 ene 2026,SEM_Competencia,907.8,72
23 nov 2026,Paid_Social,905.1,61
5 dic 2026,Terceros,903.8,94
1 dic 2026,Display,903.6,40
3 ene 2026,Pmax,902.3,60
27 dic 2026,Terceros,901.3,47
8 oct 2026,SEM_Competencia,900.1,84
9 jul 2026,Display,899.6,26
16 dic 2026,SEM_Competencia,899.5,44
16 sept 2026,Display,895.3,44
15 ene 2026,SEM_Competencia,892.8,68
18 oct 2026,Paid_Social,881.9,45
8 jul 2026,Display,880,33
12 sept 2026,SEM_Competencia,878.4,49
3 dic 2026,SEM_Competencia,876.6,32
30 dic 2026,Display,874.5,16
23 ene 2026,SEM_Competencia,874.2,35
17 sept 2026,Display,873.7,30
15 jul 2026,Display,872.5,27
21 nov 2026,Display,871.5,79
4 oct 2026,SEM_Marca_Derivada,870,26
10 jul 2026,Display,866.8,21
31 dic 2026,Display,864.4,16
5 ene 2026,SEM_Generico,864.3,41
22 ago 2026,SEM_Competencia,863,65
1 dic 2026,SEM_Competencia,856.4,34
15 dic 2026,SEM_Competencia,855.3,49
24 oct 2026,Pmax,854,66
10 dic 2026,SEM_Competencia,848.9,51
15 sept 2026,Display,847.9,34
11 ago 2026,Display,846.5,19
4 ene 2026,Terceros,841.3,42
7 ago 2026,Display,836.8,19
12 ago 2026,Display,836.4,15
19 ene 2026,SEM_Competencia,836.2,57
18 sept 2026,Display,836.1,32
8 ago 2026,Display,832,21
11 dic 2026,SEM_Competencia,831.6,50
13 ago 2026,Display,827.3,18
2 dic 2026,SEM_Competencia,825.5,21
12 jul 2026,SEM_Competencia,822.5,48
4 dic 2026,SEM_Competencia,821.8,44
11 jul 2026,Display,820.3,16
26 ene 2026,SEM_Competencia,819.7,52
6 nov 2026,SEM_Competencia,819.6,46
24 dic 2026,SEM_Marca_Derivada,819.4,78
29 ene 2026,SEM_Competencia,813.2,52
29 ago 2026,SEM_Competencia,803.2,52
19 nov 2026,SEM_Competencia,803.2,23
20 nov 2026,SEM_Competencia,803.1,30
30 dic 2026,SEM_Competencia,803,51
29 oct 2026,SEM_Generico,802.9,22
18 nov 2026,SEM_Competencia,800.1,18
17 nov 2026,SEM_Competencia,799.7,35
10 nov 2026,SEM_Competencia,798.1,28
11 nov 2026,SEM_Competencia,797,39
12 nov 2026,SEM_Competencia,795.8,30
27 sept 2026,Paid_Social,795.4,51
13 nov 2026,SEM_Competencia,794.7,27
23 nov 2026,Terceros,788.3,102
14 nov 2026,SEM_Competencia,788.2,40
7 nov 2026,SEM_Competencia,782.7,73
14 jul 2026,Display,771.7,40
3 ene 2026,Terceros,768.3,48
30 ene 2026,SEM_Competencia,760.4,53
5 oct 2026,SEM_Marca_Derivada,759,20
5 oct 2026,Paid_Social,757.5,42
7 oct 2026,SEM_Competencia,754.1,82
21 oct 2026,Display,753.1,41
26 nov 2026,SEM_Competencia,752.5,38
16 ene 2026,SEM_Competencia,748.5,33
17 dic 2026,SEM_Competencia,748.4,50
27 nov 2026,SEM_Competencia,747.8,20
18 ago 2026,Display,747.8,40
24 ago 2026,Display,745.3,25
26 dic 2026,SEM_Competencia,744.4,53
14 ago 2026,Display,740.2,32
1 ene 2026,Terceros,739.3,88
27 sept 2026,Terceros,739.2,79
20 oct 2026,Display,734.6,36
14 oct 2026,Display,725.1,38
7 nov 2026,Display,715.7,73
29 sept 2026,Display,715.4,37
12 sept 2026,Display,707.6,22
23 ago 2026,Display,706.6,29
2 oct 2026,Display,706.4,31
12 dic 2026,Paid_Social,705.7,25
12 dic 2026,SEM_Competencia,704.6,42
24 nov 2026,Display,684,65
22 oct 2026,Display,679.1,24
30 sept 2026,Display,676.3,47
4 nov 2026,SEM_Competencia,674.9,45
5 ago 2026,Display,670.1,26
3 nov 2026,SEM_Competencia,661.2,38
30 ago 2026,SEM_Competencia,657.6,29
28 nov 2026,SEM_Competencia,652.7,38
5 sept 2026,Display,651.6,32
6 ago 2026,Display,649.8,22
22 dic 2026,SEM_Competencia,648.6,48
9 oct 2026,SEM_Competencia,645,62
4 ago 2026,Display,641.8,25
30 ago 2026,Display,641.4,21
3 oct 2026,Display,638.9,25
31 ago 2026,Display,635.4,21
19 oct 2026,Display,634.3,23
13 oct 2026,Display,632,35
28 oct 2026,Display,631.8,47
20 sept 2026,SEM_Competencia,631.4,34
11 oct 2026,Display,630.7,24
1 oct 2026,Display,629.1,15
22 sept 2026,Display,622.7,22
13 oct 2026,SEM_Generico,618.8,56
18 dic 2026,SEM_Competencia,612.2,35
31 oct 2026,Display,611.5,19
5 dic 2026,Display,611.5,24
18 oct 2026,Display,611,41
25 oct 2026,Terceros,608.3,70
26 oct 2026,Terceros,606.3,61
23 ago 2026,SEM_Competencia,602.2,33
10 dic 2026,Display,600.5,16
22 nov 2026,Paid_Social,587.4,19
10 oct 2026,SEM_Competencia,585.9,70
3 ene 2026,SEM_Generico,583.1,14
19 sept 2026,Display,577,25
29 dic 2026,Display,577,7
13 oct 2026,SEM_Competencia,572.5,60
6 oct 2026,SEM_Competencia,567.9,72
23 sept 2026,Display,559.6,27
2 nov 2026,Paid_Social,557.9,16
23 dic 2026,SEM_Competencia,552.3,53
6 sept 2026,SEM_Competencia,548.8,23
19 dic 2026,SEM_Competencia,548.7,42
15 dic 2026,Display,547.9,22
22 sept 2026,SEM_Competencia,545.8,52
14 oct 2026,SEM_Generico,544.8,68
23 oct 2026,SEM_Generico,540.4,25
19 oct 2026,SEM_Generico,540.3,21
23 sept 2026,SEM_Generico,539.7,36
18 oct 2026,SEM_Generico,538,25
12 ago 2026,SEM_Competencia,537.9,58
5 dic 2026,SEM_Competencia,537.8,36
17 oct 2026,SEM_Generico,535.7,83
15 oct 2026,SEM_Generico,534.5,61
16 oct 2026,SEM_Generico,534.2,77
25 nov 2026,Display,534,48
25 sept 2026,SEM_Generico,527.3,32
13 sept 2026,SEM_Competencia,526.5,23
21 oct 2026,SEM_Generico,525.4,24
24 ene 2026,SEM_Generico,522.8,10
11 oct 2026,SEM_Generico,522,34
22 oct 2026,SEM_Generico,521.9,30
30 oct 2026,SEM_Competencia,521.7,34
26 sept 2026,Display,520.2,19
17 ene 2026,SEM_Generico,518.7,10
24 sept 2026,Display,517.5,21
31 oct 2026,SEM_Generico,515,24
20 oct 2026,SEM_Generico,514.3,42
4 ago 2026,SEM_Competencia,514.2,59
24 oct 2026,SEM_Generico,513.7,16
1 ene 2026,SEM_Generico,513.5,8
18 dic 2026,Display,509.1,11
21 nov 2026,SEM_Competencia,507.9,30
24 sept 2026,SEM_Generico,507.7,33
26 sept 2026,SEM_Generico,506.3,53
11 ago 2026,SEM_Competencia,503.5,57
25 sept 2026,Display,502.6,27
6 ago 2026,SEM_Competencia,500.3,53
8 ago 2026,SEM_Competencia,499.8,39
5 ago 2026,SEM_Competencia,496.5,54
24 nov 2026,SEM_Competencia,494.4,15
7 ago 2026,SEM_Competencia,490,29
4 oct 2026,Paid_Social,489.9,44
16 oct 2026,Display,463.5,24
15 oct 2026,Display,462,16
7 ene 2026,Display,460.4,14
13 ago 2026,SEM_Competencia,457.9,35
19 dic 2026,Display,457.2,6
7 sept 2026,Display,453.8,23
13 ene 2026,Display,452.3,20
28 oct 2026,SEM_Competencia,449.8,27
12 ene 2026,Display,447.7,10
10 ene 2026,SEM_Generico,446.3,4
9 ene 2026,Display,446.1,3
14 ago 2026,SEM_Competencia,444.8,20
15 ene 2026,Display,441.3,9
19 ene 2026,Display,439.3,13
16 ene 2026,Display,438.6,7
21 ene 2026,Display,438.3,4
8 ene 2026,Display,437.9,10
14 ene 2026,Display,434.1,10
11 oct 2026,SEM_Competencia,431,26
29 ene 2026,Display,430.2,7
20 sept 2026,Display,429.7,11
20 ene 2026,Display,429.7,4
27 ene 2026,Display,429.2,13
26 ene 2026,Display,428.4,8
16 dic 2026,Display,425.4,18
22 ene 2026,Display,424.3,9
28 ene 2026,Display,421.2,8
21 sept 2026,Display,415.9,12
29 oct 2026,SEM_Competencia,415.8,33
9 dic 2026,Display,394.4,18
14 sept 2026,Display,388.3,19
13 sept 2026,Display,386.6,14
17 oct 2026,Display,384.1,27
5 ene 2026,Paid_Social,383.7,10
6 sept 2026,Display,372.7,19
23 oct 2026,Display,368.1,32
29 jul 2026,Display,367.2,13
31 dic 2026,SEM_Competencia,347.5,24
31 ene 2026,SEM_Generico,347.1,7
25 oct 2026,SEM_Generico,346.5,17
17 dic 2026,Display,330.5,13
27 oct 2026,Display,318.7,26
30 ene 2026,Display,317.1,3
25 ene 2026,SEM_Generico,307.1,4
9 ago 2026,Display,302.9,1
22 dic 2026,Display,299.4,6
14 oct 2026,SEM_Competencia,292.9,8
15 oct 2026,SEM_Competencia,288.5,12
26 dic 2026,Display,288.3,8
27 oct 2026,SEM_Competencia,280.9,21
24 oct 2026,Display,279,20
18 ene 2026,SEM_Generico,278,5
24 dic 2026,Display,273,6
20 oct 2026,SEM_Competencia,265.4,15
22 oct 2026,SEM_Competencia,257.6,11
25 nov 2026,SEM_Competencia,257.1,12
23 oct 2026,SEM_Competencia,256.7,12
23 ene 2026,Display,255.7,2
24 oct 2026,SEM_Competencia,253.3,20
31 oct 2026,SEM_Competencia,252.8,24
21 oct 2026,SEM_Competencia,251.3,12
16 oct 2026,SEM_Competencia,249.9,12
5 ene 2026,Display,246.8,4
12 jul 2026,Display,245,6
13 jul 2026,Display,244.4,1
17 oct 2026,SEM_Competencia,243.7,10
19 jul 2026,Display,242,5
24 sept 2026,SEM_Competencia,241.7,17
23 sept 2026,SEM_Competencia,240.7,18
24 dic 2026,SEM_Competencia,239,14
17 ago 2026,Display,237.5,null
26 oct 2026,Display,234.6,11
25 oct 2026,Display,229.6,11
11 ene 2026,SEM_Generico,222.9,5
29 sept 2026,SEM_Competencia,214.8,20
2 ene 2026,Display,213.6,7
4 ene 2026,SEM_Generico,212.4,6
30 nov 2026,Display,210.6,17
2 oct 2026,SEM_Competencia,208.5,11
29 nov 2026,Display,207.8,16
27 dic 2026,Display,203.3,4
3 oct 2026,SEM_Competencia,202.6,22
6 ene 2026,SEM_Generico,200.3,3
1 oct 2026,SEM_Competencia,196.5,13
23 nov 2026,Display,193.7,37
22 nov 2026,Display,193.1,42
10 ago 2026,Display,191.4,null
30 sept 2026,SEM_Competencia,186.8,8
23 dic 2026,Display,177.3,1
25 ene 2026,Display,176.2,1
24 ene 2026,Display,176.1,1
18 ene 2026,Display,175.9,1
10 ene 2026,Display,175.7,2
17 ene 2026,Display,175.2,3
9 nov 2026,Display,169.7,25
8 nov 2026,Display,169.6,12
25 sept 2026,SEM_Competencia,169,16
2 nov 2026,Display,164.5,6
25 oct 2026,Pmax,156.7,24
26 sept 2026,SEM_Competencia,155.7,9
8 dic 2026,Terceros,148.8,173
29 jul 2026,SEM_Competencia,134.9,14
25 dic 2026,Display,119.2,null
21 dic 2026,Display,119,3
20 dic 2026,Display,118.9,3
28 dic 2026,Display,118.9,null
5 ene 2026,SEM_Competencia,113.7,13
26 oct 2026,SEM_Generico,113.5,5
11 ene 2026,SEM_Competencia,107.4,1
6 ene 2026,SEM_Competencia,106.1,5
31 ene 2026,Display,105.1,null
11 ene 2026,Display,104.8,null
4 ene 2026,Display,104.8,3
3 ene 2026,Display,104.6,null
6 ene 2026,Display,104.6,null
17 ene 2026,SEM_Competencia,103.5,2
15 nov 2026,Display,102.7,60
16 nov 2026,Display,102.6,32
24 ene 2026,SEM_Competencia,102.5,null
31 ene 2026,SEM_Competencia,102.2,3
1 ene 2026,SEM_Competencia,101.4,3
25 ene 2026,SEM_Competencia,100.5,3
10 ene 2026,SEM_Competencia,100.5,null
3 ene 2026,SEM_Competencia,99.2,3
18 ene 2026,SEM_Competencia,97.1,2
4 ene 2026,SEM_Competencia,96.5,1
2 ene 2026,SEM_Competencia,96,3
16 ago 2026,Display,94.9,null
13 dic 2026,Display,80.5,4
14 dic 2026,Display,77,1
4 oct 2026,Display,64,10
5 oct 2026,Display,63.1,1
26 oct 2026,Pmax,59.6,11
1 nov 2026,Terceros,58.3,123
6 dic 2026,Terceros,58.3,81
12 oct 2026,Terceros,58.3,64
25 dic 2026,Terceros,58.3,45
27 oct 2026,SEM_Generico,19.7,null
27 oct 2026,Pmax,17.1,2
12 oct 2026,Display,8,null
1 nov 2026,Display,0.3,null
28 nov 2026,Organico,0,404
1 jul 2026,Otros_Origenes,0,null
30 ago 2026,Manual,0,null
13 nov 2026,Organico,0,514
30 ago 2026,Organico,0,102
12 nov 2026,Otros_Origenes,0,null
29 ago 2026,Manual,0,null
29 ago 2026,Otros_Origenes,0,null
13 nov 2026,Manual,0,null
13 nov 2026,Whatsapp,0,39
29 ago 2026,Whatsapp,0,43
29 ago 2026,Organico,0,289
13 nov 2026,Otros_Origenes,0,null
12 nov 2026,Whatsapp,0,35
12 nov 2026,Organico,0,625
12 nov 2026,Manual,0,null
30 ago 2026,Whatsapp,0,23
28 ago 2026,Manual,0,null
28 ago 2026,Whatsapp,0,51
14 nov 2026,Manual,0,null
14 nov 2026,Whatsapp,0,26
28 ago 2026,Otros_Origenes,0,null
28 ago 2026,Organico,0,330
14 nov 2026,Organico,0,425
27 ago 2026,Organico,0,331
14 nov 2026,Otros_Origenes,0,null
11 nov 2026,Whatsapp,0,82
15 nov 2026,Organico,0,225
11 nov 2026,Manual,0,null
15 nov 2026,Manual,0,null
15 nov 2026,Whatsapp,0,23
15 nov 2026,Otros_Origenes,0,null
31 ago 2026,Organico,0,89
15 nov 2026,SEM_Competencia,0,1
27 ago 2026,Whatsapp,0,56
11 nov 2026,Otros_Origenes,0,null
11 nov 2026,Organico,0,550
15 nov 2026,SEM_Generico,0,null
31 ago 2026,Manual,0,null
27 ago 2026,Otros_Origenes,0,null
16 nov 2026,Otros_Origenes,0,null
16 nov 2026,SEM_Competencia,0,null
10 nov 2026,Whatsapp,0,59
10 nov 2026,Manual,0,null
27 ago 2026,Manual,0,null
16 nov 2026,Manual,0,null
16 nov 2026,Whatsapp,0,43
31 ago 2026,Whatsapp,0,28
26 ago 2026,Otros_Origenes,0,null
16 nov 2026,SEM_Generico,0,null
16 nov 2026,Organico,0,165
26 ago 2026,Manual,0,null
31 ago 2026,SEM_Competencia,0,1
26 ago 2026,Organico,0,395
26 ago 2026,Whatsapp,0,61
17 nov 2026,Otros_Origenes,0,null
17 nov 2026,Organico,0,618
25 ago 2026,Whatsapp,0,63
10 nov 2026,Organico,0,554
25 ago 2026,Otros_Origenes,0,null
10 nov 2026,Otros_Origenes,0,null
17 nov 2026,Manual,0,null
17 nov 2026,Whatsapp,0,60
31 ago 2026,Otros_Origenes,0,null
25 ago 2026,Organico,0,451
25 ago 2026,Manual,0,null
24 ago 2026,Organico,0,59
18 nov 2026,Otros_Origenes,0,null
18 nov 2026,Organico,0,512
24 ago 2026,Whatsapp,0,31
1 sept 2026,Otros_Origenes,0,null
1 sept 2026,Manual,0,null
24 ago 2026,Manual,0,null
18 nov 2026,Manual,0,null
18 nov 2026,Whatsapp,0,80
19 nov 2026,Whatsapp,0,89
24 ago 2026,SEM_Competencia,0,null
19 nov 2026,Manual,0,null
1 sept 2026,Organico,0,386
1 sept 2026,Whatsapp,0,64
9 nov 2026,SEM_Generico,0,1
19 nov 2026,Organico,0,564
23 ago 2026,Otros_Origenes,0,null
19 nov 2026,Otros_Origenes,0,null
9 nov 2026,SEM_Competencia,0,1
9 nov 2026,Organico,0,119
9 nov 2026,Manual,0,null
20 nov 2026,Organico,0,480
20 nov 2026,Manual,0,null
23 ago 2026,Whatsapp,0,32
23 ago 2026,Organico,0,114
20 nov 2026,Whatsapp,0,78
9 nov 2026,Whatsapp,0,38
23 ago 2026,Manual,0,null
22 ago 2026,Organico,0,247
20 nov 2026,Otros_Origenes,0,null
22 ago 2026,Whatsapp,0,35
2 sept 2026,Otros_Origenes,0,null
8 nov 2026,Whatsapp,0,30
21 nov 2026,Otros_Origenes,0,null
21 nov 2026,Organico,0,436
8 nov 2026,Manual,0,null
2 sept 2026,Whatsapp,0,29
8 nov 2026,SEM_Competencia,0,null
22 ago 2026,Otros_Origenes,0,null
22 ago 2026,Manual,0,null
21 ago 2026,Otros_Origenes,0,null
21 nov 2026,Manual,0,null
8 nov 2026,Otros_Origenes,0,null
21 nov 2026,Whatsapp,0,64
21 ago 2026,Organico,0,283
8 nov 2026,SEM_Generico,0,null
8 nov 2026,Organico,0,168
21 ago 2026,Manual,0,null
21 ago 2026,Whatsapp,0,45
7 nov 2026,Organico,0,427
22 nov 2026,SEM_Competencia,0,1
22 nov 2026,Manual,0,null
2 sept 2026,Organico,0,353
22 nov 2026,Otros_Origenes,0,null
22 nov 2026,Whatsapp,0,11
22 nov 2026,Organico,0,208
22 nov 2026,SEM_Generico,0,null
23 nov 2026,Organico,0,123
23 nov 2026,SEM_Generico,0,null
2 sept 2026,Manual,0,null
7 nov 2026,Manual,0,null
7 nov 2026,Whatsapp,0,21
23 nov 2026,Manual,0,null
23 nov 2026,Whatsapp,0,13
20 ago 2026,Manual,0,null
23 nov 2026,Otros_Origenes,0,null
3 sept 2026,Otros_Origenes,0,null
3 sept 2026,Manual,0,null
20 ago 2026,Whatsapp,0,34
7 nov 2026,Otros_Origenes,0,null
24 nov 2026,Organico,0,649
20 ago 2026,Otros_Origenes,0,null
3 sept 2026,Whatsapp,0,38
24 nov 2026,Otros_Origenes,0,null
6 nov 2026,Otros_Origenes,0,null
20 ago 2026,Organico,0,290
19 ago 2026,Whatsapp,0,82
24 nov 2026,Whatsapp,0,26
24 nov 2026,Manual,0,null
19 ago 2026,Organico,0,307
19 ago 2026,Manual,0,null
3 sept 2026,Organico,0,350
25 nov 2026,Otros_Origenes,0,null
6 nov 2026,Organico,0,506
25 nov 2026,Organico,0,555
6 nov 2026,Manual,0,null
19 ago 2026,Otros_Origenes,0,null
6 nov 2026,Whatsapp,0,67
4 sept 2026,Whatsapp,0,28
18 ago 2026,Manual,0,null
25 nov 2026,Manual,0,null
25 nov 2026,Whatsapp,0,20
18 ago 2026,Whatsapp,0,71
4 sept 2026,Organico,0,314
26 nov 2026,Whatsapp,0,18
18 ago 2026,Otros_Origenes,0,null
26 nov 2026,Manual,0,null
26 nov 2026,Organico,0,499
4 sept 2026,Manual,0,null
18 ago 2026,Organico,0,383
17 ago 2026,Organico,0,66
26 nov 2026,Otros_Origenes,0,null
4 sept 2026,Otros_Origenes,0,null
5 nov 2026,Organico,0,520
27 nov 2026,Manual,0,null
5 sept 2026,Organico,0,288
27 nov 2026,Whatsapp,0,15
17 ago 2026,Whatsapp,0,31
17 ago 2026,Manual,0,null
5 nov 2026,Otros_Origenes,0,null
16 ago 2026,Organico,0,113
27 nov 2026,Organico,0,488
5 nov 2026,Manual,0,null
27 nov 2026,Otros_Origenes,0,null
5 sept 2026,Otros_Origenes,0,null
16 ago 2026,Manual,0,null
5 sept 2026,Whatsapp,0,31
5 sept 2026,Manual,0,null
5 nov 2026,Whatsapp,0,74
4 nov 2026,Whatsapp,0,76
16 ago 2026,Whatsapp,0,39
4 nov 2026,Manual,0,null
28 nov 2026,Manual,0,null
28 nov 2026,Whatsapp,0,25
16 ago 2026,Otros_Origenes,0,null
26 sept 2026,Whatsapp,0,15
26 sept 2026,Otros_Origenes,0,null
26 sept 2026,Manual,0,null
4 nov 2026,Organico,0,502
29 nov 2026,Otros_Origenes,0,null
29 nov 2026,SEM_Generico,0,1
29 nov 2026,SEM_Competencia,0,null
6 sept 2026,Otros_Origenes,0,null
4 nov 2026,Otros_Origenes,0,null
6 sept 2026,Whatsapp,0,13
29 nov 2026,Organico,0,211
15 ago 2026,Whatsapp,0,12
29 nov 2026,Whatsapp,0,9
29 nov 2026,Manual,0,null
6 sept 2026,Manual,0,null
30 nov 2026,Manual,0,null
15 ago 2026,Organico,0,150
30 nov 2026,Organico,0,164
3 nov 2026,Otros_Origenes,0,null
30 nov 2026,SEM_Generico,0,null
3 nov 2026,Manual,0,null
6 sept 2026,Organico,0,105
30 nov 2026,Whatsapp,0,6
15 ago 2026,Display,0,2
30 nov 2026,Otros_Origenes,0,null
7 sept 2026,Whatsapp,0,15
3 nov 2026,Organico,0,609
15 ago 2026,Paid_Social,0,2
1 dic 2026,Manual,0,null
15 ago 2026,SEM_Marca_Pura,0,6
15 ago 2026,Manual,0,null
1 dic 2026,Whatsapp,0,44
1 dic 2026,Otros_Origenes,0,null
3 nov 2026,Whatsapp,0,76
15 ago 2026,SEM_Competencia,0,1
7 sept 2026,SEM_Competencia,0,1
15 ago 2026,Pmax,0,2
1 dic 2026,Organico,0,652
15 ago 2026,SEM_Marca_Derivada,0,null
14 ago 2026,Otros_Origenes,0,null
2 dic 2026,Organico,0,417
14 ago 2026,Organico,0,245
2 nov 2026,Manual,0,null
2 dic 2026,Otros_Origenes,0,null
2 nov 2026,Whatsapp,0,48
2 nov 2026,Otros_Origenes,0,null
14 ago 2026,Manual,0,null
2 nov 2026,SEM_Competencia,0,1
2 dic 2026,Manual,0,null
2 dic 2026,Whatsapp,0,41
2 nov 2026,Organico,0,141
2 nov 2026,SEM_Generico,0,1
14 ago 2026,Whatsapp,0,43
3 dic 2026,Organico,0,381
3 dic 2026,Otros_Origenes,0,null
1 nov 2026,Manual,0,null
13 ago 2026,Whatsapp,0,47
1 nov 2026,SEM_Generico,0,null
1 nov 2026,Paid_Social,0,3
1 nov 2026,Whatsapp,0,10
3 dic 2026,Manual,0,null
3 dic 2026,Whatsapp,0,62
13 ago 2026,Otros_Origenes,0,null
4 dic 2026,Organico,0,307
13 ago 2026,Organico,0,298
13 ago 2026,Manual,0,null
4 dic 2026,Manual,0,null
4 dic 2026,Whatsapp,0,47
4 dic 2026,Otros_Origenes,0,null
1 nov 2026,Organico,0,311
1 nov 2026,SEM_Marca_Derivada,0,4
12 ago 2026,Whatsapp,0,33
12 ago 2026,Manual,0,null
1 nov 2026,SEM_Marca_Pura,0,12
1 nov 2026,Pmax,0,null
12 ago 2026,Organico,0,349
5 dic 2026,Manual,0,null
5 dic 2026,Whatsapp,0,51
12 ago 2026,Otros_Origenes,0,null
5 dic 2026,Organico,0,245
31 oct 2026,Whatsapp,0,39
31 oct 2026,Manual,0,null
5 dic 2026,Otros_Origenes,0,null
7 sept 2026,Organico,0,84
31 oct 2026,Otros_Origenes,0,null
11 ago 2026,Organico,0,351
6 dic 2026,SEM_Marca_Derivada,0,8
6 dic 2026,SEM_Generico,0,null
6 dic 2026,Manual,0,null
6 dic 2026,Whatsapp,0,8
7 sept 2026,Manual,0,null
6 dic 2026,SEM_Marca_Pura,0,10
6 dic 2026,Organico,0,167
6 dic 2026,Paid_Social,0,2
7 dic 2026,SEM_Competencia,0,null
7 dic 2026,SEM_Generico,0,null
7 dic 2026,Otros_Origenes,0,null
8 sept 2026,Otros_Origenes,0,null
31 oct 2026,Organico,0,463
7 dic 2026,Organico,0,65
7 dic 2026,Manual,0,null
7 dic 2026,Display,0,null
30 oct 2026,Organico,0,440
8 sept 2026,Organico,0,358
7 dic 2026,Whatsapp,0,50
11 ago 2026,Otros_Origenes,0,null
8 sept 2026,Manual,0,null
8 dic 2026,SEM_Marca_Pura,0,4
8 dic 2026,Paid_Social,0,null
8 dic 2026,SEM_Generico,0,2
8 dic 2026,SEM_Marca_Derivada,0,9
8 dic 2026,Whatsapp,0,22
8 dic 2026,Pmax,0,null
8 dic 2026,Organico,0,142
9 dic 2026,Whatsapp,0,123
11 ago 2026,Whatsapp,0,43
30 oct 2026,Whatsapp,0,40
9 dic 2026,Organico,0,356
11 ago 2026,Manual,0,null
10 ago 2026,Otros_Origenes,0,null
10 ago 2026,Organico,0,86
9 dic 2026,Manual,0,null
9 dic 2026,Otros_Origenes,0,null
8 sept 2026,Whatsapp,0,38
10 ago 2026,Manual,0,null
10 ago 2026,Whatsapp,0,19
30 oct 2026,Otros_Origenes,0,null
10 dic 2026,Organico,0,270
30 oct 2026,Manual,0,null
9 sept 2026,Manual,0,null
29 oct 2026,Organico,0,542
9 sept 2026,Organico,0,483
9 ago 2026,Otros_Origenes,0,null
29 oct 2026,Manual,0,null
9 ago 2026,Manual,0,null
10 dic 2026,Otros_Origenes,0,null
10 dic 2026,Manual,0,null
10 dic 2026,Whatsapp,0,64
9 sept 2026,Otros_Origenes,0,null
9 ago 2026,Organico,0,123
9 ago 2026,Whatsapp,0,11
11 dic 2026,Organico,0,280
29 oct 2026,Otros_Origenes,0,null
29 oct 2026,Whatsapp,0,40
11 dic 2026,Otros_Origenes,0,null
9 sept 2026,Whatsapp,0,43
9 ago 2026,SEM_Competencia,0,null
10 sept 2026,Otros_Origenes,0,null
11 dic 2026,Manual,0,null
11 dic 2026,Whatsapp,0,51
8 ago 2026,Otros_Origenes,0,null
8 ago 2026,Manual,0,null
12 dic 2026,Organico,0,276
8 ago 2026,Organico,0,264
10 sept 2026,Manual,0,null
10 sept 2026,Whatsapp,0,29
12 dic 2026,Manual,0,null
12 dic 2026,Otros_Origenes,0,null
12 dic 2026,Whatsapp,0,47
8 ago 2026,Whatsapp,0,23
28 oct 2026,Otros_Origenes,0,null
10 sept 2026,Organico,0,367
7 ago 2026,Otros_Origenes,0,null
28 oct 2026,Whatsapp,0,41
13 dic 2026,Whatsapp,0,32
13 dic 2026,Organico,0,115
28 oct 2026,Organico,0,575
13 dic 2026,Paid_Social,0,2
13 dic 2026,Otros_Origenes,0,null
13 dic 2026,SEM_Generico,0,null
13 dic 2026,Manual,0,null
13 dic 2026,SEM_Competencia,0,1
28 oct 2026,Manual,0,null
11 sept 2026,Otros_Origenes,0,null
14 dic 2026,SEM_Generico,0,null
11 sept 2026,Organico,0,338
7 ago 2026,Organico,0,335
14 dic 2026,SEM_Competencia,0,1
14 dic 2026,Organico,0,59
27 oct 2026,Manual,0,null
7 ago 2026,Manual,0,null
11 sept 2026,Whatsapp,0,57
14 dic 2026,Otros_Origenes,0,null
14 dic 2026,Paid_Social,0,null
14 dic 2026,Manual,0,null
14 dic 2026,Whatsapp,0,13
27 oct 2026,Whatsapp,0,66
27 oct 2026,Otros_Origenes,0,null
7 ago 2026,Whatsapp,0,39
27 oct 2026,Organico,0,660
6 ago 2026,Otros_Origenes,0,null
6 ago 2026,Organico,0,380
15 dic 2026,Manual,0,null
15 dic 2026,Whatsapp,0,48
6 ago 2026,Whatsapp,0,72
15 dic 2026,Organico,0,328
26 oct 2026,Manual,0,null
15 dic 2026,Otros_Origenes,0,null
11 sept 2026,Manual,0,null
6 ago 2026,Manual,0,null
16 dic 2026,Whatsapp,0,39
16 dic 2026,Organico,0,372
26 oct 2026,Otros_Origenes,0,null
5 ago 2026,Manual,0,null
16 dic 2026,Manual,0,null
26 oct 2026,Whatsapp,0,15
16 dic 2026,Otros_Origenes,0,null
26 oct 2026,Organico,0,137
5 ago 2026,Otros_Origenes,0,null
25 oct 2026,Whatsapp,0,17
17 dic 2026,Organico,0,270
5 ago 2026,Organico,0,379
5 ago 2026,Whatsapp,0,38
25 oct 2026,Otros_Origenes,0,null
25 oct 2026,SEM_Competencia,0,null
4 ago 2026,Otros_Origenes,0,null
17 dic 2026,Otros_Origenes,0,null
25 oct 2026,Organico,0,185
4 ago 2026,Whatsapp,0,58
4 ago 2026,Organico,0,507
17 dic 2026,Manual,0,null
17 dic 2026,Whatsapp,0,39
4 ago 2026,Manual,0,null
18 dic 2026,Organico,0,262
25 oct 2026,Manual,0,null
3 ago 2026,Otros_Origenes,0,null
3 ago 2026,Manual,0,null
24 oct 2026,Otros_Origenes,0,null
18 dic 2026,Otros_Origenes,0,null
24 oct 2026,Organico,0,486
3 ago 2026,Organico,0,92
24 oct 2026,Whatsapp,0,23
18 dic 2026,Manual,0,null
18 dic 2026,Whatsapp,0,34
24 oct 2026,Manual,0,null
3 ago 2026,Whatsapp,0,16
19 dic 2026,Organico,0,244
2 ago 2026,Manual,0,null
12 sept 2026,Whatsapp,0,28
19 dic 2026,Otros_Origenes,0,null
23 oct 2026,Manual,0,null
2 ago 2026,Organico,0,162
2 ago 2026,Whatsapp,0,45
19 dic 2026,Manual,0,null
19 dic 2026,Whatsapp,0,41
23 oct 2026,Whatsapp,0,28
20 dic 2026,SEM_Competencia,0,null
20 dic 2026,SEM_Generico,0,2
23 oct 2026,Otros_Origenes,0,null
23 oct 2026,Organico,0,483
20 dic 2026,Organico,0,131
2 ago 2026,Otros_Origenes,0,null
20 dic 2026,Manual,0,null
20 dic 2026,Whatsapp,0,23
20 dic 2026,Otros_Origenes,0,null
12 sept 2026,Manual,0,null
1 ago 2026,SEM_Competencia,0,null
12 sept 2026,Organico,0,321
12 sept 2026,Otros_Origenes,0,null
21 dic 2026,Otros_Origenes,0,null
22 oct 2026,Otros_Origenes,0,null
22 oct 2026,Organico,0,704
21 dic 2026,SEM_Generico,0,null
1 ago 2026,Whatsapp,0,38
22 oct 2026,Whatsapp,0,38
21 dic 2026,Whatsapp,0,7
22 oct 2026,Manual,0,null
21 dic 2026,Manual,0,null
21 dic 2026,Organico,0,70
13 sept 2026,Manual,0,null
1 ago 2026,Organico,0,454
22 dic 2026,Organico,0,277
22 dic 2026,Otros_Origenes,0,null
1 ago 2026,Otros_Origenes,0,null
22 dic 2026,Whatsapp,0,38
1 ago 2026,Manual,0,null
21 oct 2026,Organico,0,586
1 ago 2026,Display,0,1
31 jul 2026,Display,0,3
22 dic 2026,Manual,0,null
30 ago 2026,Otros_Origenes,0,null
31 jul 2026,Manual,0,null
13 sept 2026,Whatsapp,0,57
23 dic 2026,Manual,0,null
13 sept 2026,Otros_Origenes,0,null
23 dic 2026,Whatsapp,0,83
23 dic 2026,Organico,0,230
23 dic 2026,Otros_Origenes,0,null
31 jul 2026,Otros_Origenes,0,null
31 jul 2026,Whatsapp,0,36
30 jul 2026,Otros_Origenes,0,null
21 oct 2026,Otros_Origenes,0,null
30 jul 2026,SEM_Competencia,0,null
21 oct 2026,Whatsapp,0,50
13 sept 2026,Organico,0,112
24 dic 2026,Whatsapp,0,20
21 oct 2026,Manual,0,null
24 dic 2026,Otros_Origenes,0,null
24 dic 2026,Manual,0,null
24 dic 2026,Organico,0,196
14 sept 2026,Manual,0,null
20 oct 2026,Manual,0,null
14 sept 2026,Otros_Origenes,0,null
20 oct 2026,Otros_Origenes,0,null
20 oct 2026,Organico,0,564
25 dic 2026,Whatsapp,0,5
14 sept 2026,SEM_Competencia,0,null
25 dic 2026,SEM_Marca_Derivada,0,3
14 sept 2026,Whatsapp,0,25
25 dic 2026,Organico,0,58
25 dic 2026,Paid_Social,0,null
25 dic 2026,SEM_Marca_Pura,0,1
26 dic 2026,Organico,0,218
30 jul 2026,Display,0,7
20 oct 2026,Whatsapp,0,45
30 jul 2026,Organico,0,396
30 jul 2026,Manual,0,null
30 jul 2026,Whatsapp,0,69
26 dic 2026,Otros_Origenes,0,null
19 oct 2026,Organico,0,112
14 sept 2026,Organico,0,82
29 jul 2026,Otros_Origenes,0,null
26 dic 2026,Manual,0,null
26 dic 2026,Whatsapp,0,14
19 oct 2026,Whatsapp,0,22
27 dic 2026,Manual,0,null
19 oct 2026,Manual,0,null
27 dic 2026,SEM_Generico,0,null
27 dic 2026,Whatsapp,0,10
27 dic 2026,SEM_Competencia,0,null
27 dic 2026,Organico,0,94
19 oct 2026,Otros_Origenes,0,null
29 jul 2026,Organico,0,429
18 oct 2026,Manual,0,null
27 dic 2026,Otros_Origenes,0,null
29 jul 2026,Manual,0,null
18 oct 2026,Whatsapp,0,28
18 oct 2026,SEM_Competencia,0,null
28 dic 2026,SEM_Generico,0,null
28 dic 2026,Whatsapp,0,6
28 dic 2026,Organico,0,68
28 dic 2026,Manual,0,null
29 jul 2026,Whatsapp,0,43
28 jul 2026,Organico,0,513
28 jul 2026,Manual,0,null
28 dic 2026,Otros_Origenes,0,null
18 oct 2026,Organico,0,189
29 dic 2026,Otros_Origenes,0,null
28 jul 2026,Whatsapp,0,67
18 oct 2026,Otros_Origenes,0,null
28 jul 2026,Otros_Origenes,0,null
27 jul 2026,SEM_Competencia,0,null
29 dic 2026,Organico,0,282
17 oct 2026,Manual,0,null
27 jul 2026,Display,0,null
29 dic 2026,Manual,0,null
27 jul 2026,Organico,0,94
27 jul 2026,Whatsapp,0,29
29 dic 2026,Whatsapp,0,88
30 dic 2026,Otros_Origenes,0,null
27 jul 2026,Manual,0,null
15 sept 2026,Manual,0,null
26 jul 2026,Otros_Origenes,0,null
26 jul 2026,SEM_Competencia,0,null
26 jul 2026,Whatsapp,0,28
17 oct 2026,Otros_Origenes,0,null
26 jul 2026,Manual,0,null
30 dic 2026,Organico,0,247
26 jul 2026,Display,0,12
30 dic 2026,Manual,0,null
30 dic 2026,Whatsapp,0,101
26 jul 2026,Organico,0,1698
17 oct 2026,Organico,0,422
17 oct 2026,Whatsapp,0,31
31 dic 2026,Otros_Origenes,0,null
31 dic 2026,Organico,0,163
16 oct 2026,Whatsapp,0,22
16 oct 2026,Organico,0,477
25 jul 2026,Whatsapp,0,61
25 jul 2026,Manual,0,null
31 dic 2026,Whatsapp,0,25
31 dic 2026,Manual,0,null
15 sept 2026,Whatsapp,0,85
1 ene 2026,Display,0,4
25 jul 2026,Otros_Origenes,0,null
15 sept 2026,Otros_Origenes,0,null
15 sept 2026,Organico,0,393
16 sept 2026,Manual,0,null
1 ene 2026,Whatsapp,0,10
25 jul 2026,Organico,0,282
16 oct 2026,Manual,0,null
1 ene 2026,Organico,0,46
1 ene 2026,Paid_Social,0,1
2 ene 2026,Otros_Origenes,0,null
15 oct 2026,Manual,0,null
24 jul 2026,Manual,0,null
2 ene 2026,Organico,0,256
15 oct 2026,Whatsapp,0,19
24 jul 2026,Organico,0,374
24 jul 2026,Otros_Origenes,0,null
24 jul 2026,Whatsapp,0,32
15 oct 2026,Otros_Origenes,0,null
2 ene 2026,Manual,0,null
2 ene 2026,Whatsapp,0,61
16 sept 2026,Organico,0,338
3 ene 2026,Paid_Social,0,2
15 oct 2026,Organico,0,477
3 ene 2026,Organico,0,107
16 sept 2026,Whatsapp,0,29
23 jul 2026,Manual,0,null
14 oct 2026,Manual,0,null
16 sept 2026,Otros_Origenes,0,null
17 sept 2026,Whatsapp,0,16
3 ene 2026,Whatsapp,0,58
17 sept 2026,Manual,0,null
3 ene 2026,Otros_Origenes,0,null
3 ene 2026,Manual,0,null
4 ene 2026,Otros_Origenes,0,null
23 jul 2026,Organico,0,382
14 oct 2026,Whatsapp,0,26
14 oct 2026,Organico,0,551
4 ene 2026,Manual,0,null
4 ene 2026,Paid_Social,0,1
4 ene 2026,Whatsapp,0,20
14 oct 2026,Otros_Origenes,0,null
4 ene 2026,Organico,0,83
17 sept 2026,Otros_Origenes,0,null
23 jul 2026,Otros_Origenes,0,null
13 oct 2026,Organico,0,479
23 jul 2026,Whatsapp,0,38
17 sept 2026,Organico,0,371
13 oct 2026,Whatsapp,0,31
5 ene 2026,Organico,0,275
5 ene 2026,Otros_Origenes,0,null
13 oct 2026,Manual,0,null
5 ene 2026,Manual,0,null
5 ene 2026,Whatsapp,0,55
13 oct 2026,Otros_Origenes,0,null
18 sept 2026,Manual,0,null
22 jul 2026,Otros_Origenes,0,null
12 oct 2026,SEM_Generico,0,2
6 ene 2026,Whatsapp,0,23
12 oct 2026,Paid_Social,0,2
12 oct 2026,Organico,0,150
12 oct 2026,Otros_Origenes,0,null
12 oct 2026,SEM_Marca_Pura,0,3
6 ene 2026,Organico,0,67
6 ene 2026,Paid_Social,0,2
12 oct 2026,Whatsapp,0,2
12 oct 2026,SEM_Marca_Derivada,0,null
22 jul 2026,Whatsapp,0,44
12 oct 2026,Manual,0,null
22 jul 2026,Organico,0,383
12 oct 2026,Pmax,0,2
11 oct 2026,Whatsapp,0,9
7 ene 2026,Manual,0,null
7 ene 2026,Whatsapp,0,165
22 jul 2026,Manual,0,null
7 ene 2026,Organico,0,374
7 ene 2026,Otros_Origenes,0,null
21 jul 2026,Manual,0,null
21 jul 2026,Whatsapp,0,48
21 jul 2026,Organico,0,480
11 oct 2026,Manual,0,null
21 jul 2026,Otros_Origenes,0,null
8 ene 2026,Manual,0,null
20 jul 2026,Manual,0,null
8 ene 2026,Whatsapp,0,101
20 jul 2026,Pmax,0,null
20 jul 2026,Otros_Origenes,0,null
20 jul 2026,Display,0,null
11 oct 2026,Otros_Origenes,0,null
8 ene 2026,Otros_Origenes,0,null
8 ene 2026,Organico,0,373
20 jul 2026,SEM_Competencia,0,null
20 jul 2026,Organico,0,107
9 ene 2026,Organico,0,287
9 ene 2026,Manual,0,null
9 ene 2026,Whatsapp,0,62
20 jul 2026,Whatsapp,0,20
9 ene 2026,Otros_Origenes,0,null
18 sept 2026,Otros_Origenes,0,null
19 jul 2026,SEM_Competencia,0,4
11 oct 2026,Organico,0,181
19 jul 2026,Whatsapp,0,30
19 jul 2026,Otros_Origenes,0,null
19 jul 2026,Organico,0,149
18 sept 2026,Whatsapp,0,18
10 ene 2026,Whatsapp,0,53
10 ene 2026,Organico,0,129
10 ene 2026,Manual,0,null
10 oct 2026,Manual,0,null
19 jul 2026,Manual,0,null
18 sept 2026,Organico,0,368
19 sept 2026,Organico,0,294
19 jul 2026,Pmax,0,10
10 ene 2026,Paid_Social,0,null
10 ene 2026,Otros_Origenes,0,null
19 sept 2026,Otros_Origenes,0,null
10 oct 2026,Otros_Origenes,0,null
19 sept 2026,Whatsapp,0,37
11 ene 2026,Otros_Origenes,0,null
18 jul 2026,Manual,0,null
11 ene 2026,Whatsapp,0,15
11 ene 2026,Organico,0,63
11 ene 2026,Manual,0,null
11 ene 2026,Paid_Social,0,null
19 sept 2026,Manual,0,null
10 oct 2026,Organico,0,484
18 jul 2026,Organico,0,358
10 oct 2026,Whatsapp,0,18
18 jul 2026,Whatsapp,0,50
12 ene 2026,Organico,0,405
12 ene 2026,Whatsapp,0,63
12 ene 2026,Manual,0,null
18 jul 2026,Otros_Origenes,0,null
17 jul 2026,Whatsapp,0,37
17 jul 2026,Organico,0,341
9 oct 2026,Manual,0,null
12 ene 2026,Otros_Origenes,0,null
17 jul 2026,Otros_Origenes,0,null
9 oct 2026,Whatsapp,0,40
9 oct 2026,Otros_Origenes,0,null
17 jul 2026,Manual,0,null
16 jul 2026,Otros_Origenes,0,null
16 jul 2026,Manual,0,null
13 ene 2026,Organico,0,419
20 sept 2026,Manual,0,null
9 oct 2026,Organico,0,524
8 oct 2026,Otros_Origenes,0,null
16 jul 2026,Organico,0,413
13 ene 2026,Manual,0,null
13 ene 2026,Whatsapp,0,48
13 ene 2026,Otros_Origenes,0,null
16 jul 2026,Whatsapp,0,65
14 ene 2026,Otros_Origenes,0,null
8 oct 2026,Manual,0,null
15 jul 2026,Otros_Origenes,0,null
15 jul 2026,Manual,0,null
8 oct 2026,Organico,0,500
8 oct 2026,Whatsapp,0,35
20 sept 2026,Whatsapp,0,17
14 ene 2026,Organico,0,346
15 jul 2026,Organico,0,398
14 ene 2026,Manual,0,null
14 ene 2026,Whatsapp,0,63
15 jul 2026,Whatsapp,0,30
14 jul 2026,Whatsapp,0,52
15 ene 2026,Manual,0,null
15 ene 2026,Organico,0,301
20 sept 2026,Otros_Origenes,0,null
14 jul 2026,Organico,0,459
15 ene 2026,Otros_Origenes,0,null
20 sept 2026,Organico,0,118
14 jul 2026,Otros_Origenes,0,null
21 sept 2026,Whatsapp,0,17
14 jul 2026,Manual,0,null
15 ene 2026,Whatsapp,0,59
13 jul 2026,Whatsapp,0,16
16 ene 2026,Whatsapp,0,95
16 ene 2026,Organico,0,279
21 sept 2026,SEM_Competencia,0,null
21 sept 2026,Manual,0,null
7 oct 2026,Organico,0,480
13 jul 2026,Otros_Origenes,0,null
16 ene 2026,Otros_Origenes,0,null
16 ene 2026,Manual,0,null
21 sept 2026,Otros_Origenes,0,null
21 sept 2026,Organico,0,58
13 jul 2026,Manual,0,null
7 oct 2026,Whatsapp,0,44
17 ene 2026,Organico,0,118
7 oct 2026,Manual,0,null
17 ene 2026,Whatsapp,0,37
17 ene 2026,Manual,0,null
7 oct 2026,Otros_Origenes,0,null
13 jul 2026,Organico,0,102
22 sept 2026,Otros_Origenes,0,null
17 ene 2026,Paid_Social,0,2
6 oct 2026,Otros_Origenes,0,null
22 sept 2026,Manual,0,null
17 ene 2026,Otros_Origenes,0,null
6 oct 2026,Organico,0,541
22 sept 2026,Organico,0,416
18 ene 2026,Organico,0,66
12 jul 2026,Otros_Origenes,0,null
6 oct 2026,Manual,0,null
18 ene 2026,Paid_Social,0,2
12 jul 2026,Manual,0,null
18 ene 2026,Otros_Origenes,0,null
22 sept 2026,Whatsapp,0,52
6 oct 2026,Whatsapp,0,54
5 oct 2026,Organico,0,103
18 ene 2026,Manual,0,null
18 ene 2026,Whatsapp,0,19
5 oct 2026,Whatsapp,0,18
12 jul 2026,Whatsapp,0,28
19 ene 2026,Manual,0,null
5 oct 2026,Manual,0,null
12 jul 2026,Organico,0,135
19 ene 2026,Whatsapp,0,86
5 oct 2026,SEM_Generico,0,7
11 jul 2026,Manual,0,null
4 oct 2026,Organico,0,207
19 ene 2026,Otros_Origenes,0,null
11 jul 2026,Whatsapp,0,24
19 ene 2026,Organico,0,378
4 oct 2026,Manual,0,null
20 ene 2026,Organico,0,335
11 jul 2026,Otros_Origenes,0,null
20 ene 2026,Whatsapp,0,55
11 jul 2026,Organico,0,381
20 ene 2026,Manual,0,null
20 ene 2026,Otros_Origenes,0,null
4 oct 2026,SEM_Generico,0,9
4 oct 2026,Whatsapp,0,22
3 oct 2026,Otros_Origenes,0,null
10 jul 2026,Otros_Origenes,0,null
3 oct 2026,Manual,0,null
23 sept 2026,Otros_Origenes,0,null
21 ene 2026,Whatsapp,0,21
10 jul 2026,Organico,0,364
3 oct 2026,Whatsapp,0,27
10 jul 2026,Manual,0,null
10 jul 2026,Whatsapp,0,14
9 jul 2026,Organico,0,407
9 jul 2026,Manual,0,null
21 ene 2026,Organico,0,359
21 ene 2026,Manual,0,null
21 ene 2026,Otros_Origenes,0,null
23 sept 2026,Whatsapp,0,54
3 oct 2026,Organico,0,494
9 jul 2026,Otros_Origenes,0,null
22 ene 2026,Whatsapp,0,67
9 jul 2026,Whatsapp,0,18
2 oct 2026,Organico,0,323
2 oct 2026,Manual,0,null
23 sept 2026,Organico,0,383
22 ene 2026,Otros_Origenes,0,null
22 ene 2026,Organico,0,344
23 sept 2026,Manual,0,null
22 ene 2026,Manual,0,null
8 jul 2026,Whatsapp,0,23
23 ene 2026,Whatsapp,0,29
23 ene 2026,Manual,0,null
8 jul 2026,Organico,0,378
2 oct 2026,Otros_Origenes,0,null
23 ene 2026,Otros_Origenes,0,null
23 ene 2026,Organico,0,352
8 jul 2026,Otros_Origenes,0,null
2 oct 2026,Whatsapp,0,32
8 jul 2026,Manual,0,null
24 sept 2026,Manual,0,null
7 jul 2026,Otros_Origenes,0,null
7 jul 2026,Organico,0,530
7 jul 2026,Manual,0,null
24 ene 2026,Organico,0,144
1 oct 2026,Otros_Origenes,0,null
1 oct 2026,Organico,0,364
24 ene 2026,Whatsapp,0,24
24 ene 2026,Manual,0,null
1 oct 2026,Manual,0,null
24 ene 2026,Otros_Origenes,0,null
24 sept 2026,Organico,0,368
24 ene 2026,Paid_Social,0,1
1 oct 2026,Whatsapp,0,33
24 sept 2026,Whatsapp,0,54
25 ene 2026,Organico,0,72
24 sept 2026,Otros_Origenes,0,null
7 jul 2026,Whatsapp,0,23
25 sept 2026,Whatsapp,0,27
30 sept 2026,Otros_Origenes,0,null
30 sept 2026,Manual,0,null
25 ene 2026,Paid_Social,0,null
25 ene 2026,Whatsapp,0,15
30 sept 2026,Organico,0,371
6 jul 2026,Whatsapp,0,15
25 ene 2026,Manual,0,null
6 jul 2026,Organico,0,108
26 ene 2026,Organico,0,417
30 sept 2026,Whatsapp,0,58
29 sept 2026,Otros_Origenes,0,null
6 jul 2026,Otros_Origenes,0,null
25 sept 2026,Otros_Origenes,0,null
26 ene 2026,Otros_Origenes,0,null
6 jul 2026,Manual,0,null
29 sept 2026,Organico,0,362
5 jul 2026,Manual,0,null
26 ene 2026,Whatsapp,0,33
26 ene 2026,Manual,0,null
5 jul 2026,Whatsapp,0,19
29 sept 2026,Whatsapp,0,59
27 ene 2026,Organico,0,394
25 sept 2026,Manual,0,null
27 ene 2026,Otros_Origenes,0,null
25 sept 2026,Organico,0,312
5 jul 2026,Organico,0,107
5 jul 2026,Otros_Origenes,0,null
29 sept 2026,Manual,0,null
4 jul 2026,Otros_Origenes,0,null
27 ene 2026,Manual,0,null
27 ene 2026,Whatsapp,0,76
26 sept 2026,Organico,0,257
4 jul 2026,Whatsapp,0,46
4 jul 2026,Manual,0,null
28 ene 2026,Manual,0,null
28 sept 2026,Otros_Origenes,0,null
28 sept 2026,Whatsapp,0,6
28 ene 2026,Organico,0,383
28 sept 2026,Display,0,null
28 ene 2026,Otros_Origenes,0,null
28 sept 2026,Organico,0,68
4 jul 2026,Organico,0,330
28 ene 2026,Whatsapp,0,58
28 sept 2026,SEM_Generico,0,15
28 sept 2026,Manual,0,null
3 jul 2026,Otros_Origenes,0,null
29 ene 2026,Manual,0,null
27 sept 2026,Whatsapp,0,7
3 jul 2026,Whatsapp,0,17
29 ene 2026,Whatsapp,0,31
29 ene 2026,Otros_Origenes,0,null
29 ene 2026,Organico,0,387
3 jul 2026,Organico,0,353
3 jul 2026,Manual,0,null
2 jul 2026,Otros_Origenes,0,null
30 ene 2026,Otros_Origenes,0,null
27 sept 2026,SEM_Generico,0,16
2 jul 2026,Organico,0,399
27 sept 2026,Display,0,2
30 ene 2026,Organico,0,327
27 sept 2026,Manual,0,null
2 jul 2026,Whatsapp,0,24
2 jul 2026,Manual,0,null
1 jul 2026,Organico,0,475
30 ene 2026,Manual,0,null
30 ene 2026,Whatsapp,0,43
1 jul 2026,Manual,0,null
31 ene 2026,Manual,0,null
31 ene 2026,Whatsapp,0,23
27 sept 2026,Otros_Origenes,0,null
1 jul 2026,Whatsapp,0,30
31 ene 2026,Organico,0,149
27 sept 2026,Organico,0,93
31 ene 2026,Otros_Origenes,0,null
31 ene 2026,Paid_Social,0,10
27 sept 2026,SEM_Competencia,0,null
28 nov 2026,Otros_Origenes,0,null
16 oct 2026,Otros_Origenes,0,null
31 jul 2026,Organico,0,430